Tiempo,PALPADOR 1,PALPADOR 3,PALPADOR 4,PALPADOR 5,FUERZA 300,POS  300,MEDIA AXIAL,MEDIA DIAM,GAUGE AXIAL1,GAGEDIAM 1,Dia
0.0,0.0001,0.0,0.0002,0.0001,-0.2,-0.0,0.0003,0.0002,-0.2,-0.8,01/06/2022
31.4395,0.0265,0.0242,0.0001,0.0001,2.4,0.03,0.0256,0.0002,-8.4,0.5,01/06/2022
62.879,0.0414,0.0387,0.0003,0.0003,5.0,0.05,0.0403,0.0005,-16.1,1.6,01/06/2022
94.45699,0.0537,0.0506,0.0004,0.0004,7.6,0.07,0.0524,0.0007,-24.1,2.8,01/06/2022
125.89649,0.0638,0.0606,0.0004,0.0006,10.4,0.09,0.0624,0.001,-31.5,4.5,01/06/2022
157.33599,0.0726,0.0693,0.0007,0.0007,12.9,0.1,0.0712,0.0014,-38.2,5.6,01/06/2022
188.91399,0.0794,0.0758,0.0007,0.0008,15.6,0.11,0.0779,0.0014,-43.5,6.4,01/06/2022
220.35348,0.0852,0.0815,0.0009,0.0009,18.1,0.12,0.0836,0.0017,-48.2,7.1,01/06/2022
251.79298,0.0905,0.0867,0.0009,0.001,20.8,0.13,0.0888,0.0018,-52.5,7.9,01/06/2022
283.37098,0.0956,0.0917,0.001,0.0011,23.4,0.14,0.0939,0.002,-57.2,8.6,01/06/2022
314.81048,0.1013,0.0974,0.0011,0.0012,26.2,0.14,0.0996,0.0023,-62.1,9.5,01/06/2022
346.24998,0.1067,0.1028,0.0013,0.0015,28.6,0.15,0.105,0.0027,-67.2,10.4,01/06/2022
377.82797,0.1114,0.1075,0.0014,0.0013,31.4,0.16,0.1097,0.0026,-72.1,11.3,01/06/2022
409.26747,0.116,0.112,0.0016,0.0014,33.9,0.17,0.1142,0.0029,-76.8,12.2,01/06/2022
440.70697,0.1198,0.1162,0.0017,0.0015,36.7,0.17,0.1182,0.003,-81.3,12.9,01/06/2022
472.28497,0.1241,0.1205,0.0017,0.0018,39.2,0.18,0.1226,0.0034,-85.9,13.7,01/06/2022
503.72446,0.1282,0.1247,0.0019,0.0019,41.8,0.18,0.1267,0.0037,-90.5,14.6,01/06/2022
535.16396,0.1321,0.1288,0.0021,0.0019,44.5,0.19,0.1307,0.0038,-95.4,15.5,01/06/2022
566.74196,0.1359,0.1326,0.0023,0.0019,47.0,0.2,0.1345,0.004,-99.9,16.4,01/06/2022
598.18146,0.1396,0.1366,0.0024,0.0021,49.8,0.2,0.1384,0.0043,-104.4,17.3,01/06/2022
629.75946,0.1431,0.1401,0.0024,0.0022,52.3,0.21,0.1419,0.0044,-108.7,18.1,01/06/2022
661.19895,0.1469,0.1439,0.0027,0.0024,55.0,0.21,0.1457,0.0049,-113.2,19.0,01/06/2022
692.63845,0.1506,0.1476,0.0028,0.0024,57.6,0.22,0.1494,0.0049,-117.8,19.8,01/06/2022
724.21645,0.1542,0.1514,0.0029,0.0025,60.2,0.22,0.1531,0.0051,-122.5,20.8,01/06/2022
755.65595,0.1577,0.1551,0.0031,0.0026,62.8,0.23,0.1567,0.0055,-126.9,21.6,01/06/2022
787.09544,0.1608,0.1584,0.0032,0.0027,65.5,0.23,0.1599,0.0056,-131.2,22.5,01/06/2022
818.67344,0.1643,0.1618,0.0035,0.0028,68.1,0.24,0.1633,0.0059,-135.3,23.4,01/06/2022
850.11294,0.1677,0.1652,0.0036,0.0029,70.7,0.24,0.1667,0.0062,-139.8,24.2,01/06/2022
881.55244,0.1711,0.1687,0.0036,0.003,73.3,0.25,0.1702,0.0063,-144.3,25.2,01/06/2022
913.13043,0.1746,0.1722,0.0038,0.0032,75.9,0.25,0.1737,0.0067,-148.8,26.1,01/06/2022
944.56993,0.1779,0.1755,0.0039,0.0032,78.4,0.26,0.177,0.0067,-153.1,27.0,01/06/2022
976.00943,0.1812,0.1789,0.0039,0.0033,81.2,0.26,0.1803,0.0068,-157.6,27.9,01/06/2022
1007.58743,0.1842,0.182,0.0041,0.0034,83.7,0.27,0.1833,0.0071,-161.6,28.8,01/06/2022
1039.02693,0.1876,0.1854,0.0044,0.0035,86.3,0.27,0.1868,0.0075,-166.2,29.7,01/06/2022
1070.46642,0.1907,0.1886,0.0043,0.0034,89.1,0.28,0.1899,0.0073,-170.5,30.7,01/06/2022
1102.04442,0.1943,0.1922,0.0046,0.0037,91.6,0.28,0.1935,0.0079,-175.1,31.6,01/06/2022
1133.48392,0.1977,0.1953,0.0047,0.0038,94.2,0.29,0.1968,0.008,-179.3,32.6,01/06/2022
1165.06192,0.2007,0.1985,0.0047,0.0039,97.0,0.29,0.1999,0.0082,-183.8,33.5,01/06/2022
1196.50141,0.2037,0.2014,0.0049,0.0039,99.4,0.3,0.2028,0.0084,-187.8,34.4,01/06/2022
1227.94091,0.2071,0.2047,0.0052,0.0041,102.1,0.3,0.2062,0.0088,-192.2,35.3,01/06/2022
1259.51891,0.2102,0.2078,0.0052,0.0042,104.8,0.31,0.2093,0.009,-196.6,36.3,01/06/2022
1290.95841,0.2137,0.2111,0.0054,0.0043,107.5,0.31,0.2127,0.0093,-201.1,37.3,01/06/2022
1322.39791,0.2167,0.2143,0.0056,0.0044,110.0,0.32,0.2158,0.0095,-205.6,38.2,01/06/2022
1353.9759,0.2202,0.2174,0.0056,0.0047,112.5,0.32,0.2191,0.0098,-210.0,39.2,01/06/2022
1385.4154,0.2231,0.2202,0.0058,0.0046,115.3,0.32,0.2219,0.0098,-214.0,40.1,01/06/2022
1416.8549,0.2263,0.2235,0.006,0.0048,118.1,0.33,0.2251,0.0102,-218.3,41.1,01/06/2022
1448.4329,0.2295,0.2267,0.0062,0.0049,120.6,0.33,0.2283,0.0105,-222.8,42.1,01/06/2022
1479.87239,0.2328,0.2295,0.0064,0.005,123.0,0.34,0.2314,0.0108,-227.4,43.1,01/06/2022
1511.31189,0.236,0.2327,0.0064,0.0051,125.7,0.34,0.2346,0.0109,-231.8,44.1,01/06/2022
1542.88989,0.2392,0.2356,0.0067,0.0052,128.5,0.35,0.2377,0.0113,-236.2,45.1,01/06/2022
1574.32939,0.2422,0.2385,0.0068,0.0055,131.1,0.35,0.2406,0.0116,-240.4,46.1,01/06/2022
1605.76889,0.2453,0.2414,0.0069,0.0054,133.7,0.36,0.2436,0.0118,-244.7,47.0,01/06/2022
1637.34688,0.2486,0.2446,0.0072,0.0057,136.3,0.36,0.2469,0.0122,-249.2,48.1,01/06/2022
1668.78638,0.2518,0.2475,0.0073,0.0057,138.9,0.37,0.2499,0.0124,-253.7,49.1,01/06/2022
1700.36438,0.255,0.2504,0.0074,0.0057,141.5,0.37,0.253,0.0124,-258.1,50.2,01/06/2022
1731.80388,0.2583,0.2537,0.0075,0.006,144.1,0.37,0.2562,0.0128,-262.5,51.1,01/06/2022
1763.24337,0.2611,0.2561,0.0077,0.006,146.7,0.38,0.2588,0.013,-266.6,52.2,01/06/2022
1794.82137,0.2641,0.2591,0.0076,0.0061,149.3,0.38,0.2618,0.0131,-270.7,53.2,01/06/2022
1826.26087,0.2674,0.2621,0.008,0.0064,152.1,0.39,0.265,0.0137,-275.1,54.2,01/06/2022
1857.70037,0.2708,0.265,0.0082,0.0064,154.5,0.39,0.2681,0.0138,-279.6,55.3,01/06/2022
1889.27837,0.2738,0.2678,0.0082,0.0065,157.3,0.4,0.2711,0.014,-284.2,56.3,01/06/2022
1920.71786,0.2769,0.2707,0.0085,0.0068,159.8,0.4,0.2741,0.0146,-288.6,57.3,01/06/2022
1952.15736,0.2799,0.2736,0.0087,0.0069,162.6,0.4,0.277,0.0147,-292.6,58.4,01/06/2022
1983.73536,0.2831,0.2764,0.0088,0.007,165.2,0.41,0.28,0.015,-297.2,59.3,01/06/2022
2015.17486,0.2861,0.2791,0.009,0.0071,167.7,0.41,0.2829,0.0153,-301.5,60.4,01/06/2022
2046.61435,0.2896,0.2823,0.0092,0.0073,170.4,0.42,0.2862,0.0157,-306.0,61.5,01/06/2022
2078.19235,0.2929,0.2853,0.0093,0.0074,173.1,0.42,0.2894,0.0159,-310.9,62.6,01/06/2022
2109.63185,0.2961,0.2881,0.0096,0.0075,175.6,0.43,0.2924,0.0163,-315.3,63.7,01/06/2022
2141.07135,0.299,0.2911,0.0098,0.0077,178.4,0.43,0.2953,0.0166,-319.7,64.8,01/06/2022
2172.64934,0.3022,0.2938,0.0099,0.0078,180.9,0.44,0.2983,0.0168,-324.1,65.9,01/06/2022
2204.08884,0.3056,0.2968,0.0101,0.0079,183.4,0.44,0.3014,0.0171,-329.0,67.0,01/06/2022
2235.66684,0.3088,0.2997,0.0104,0.0079,186.2,0.45,0.3045,0.0174,-333.6,68.2,01/06/2022
2267.10634,0.3123,0.303,0.0111,0.0078,188.8,0.45,0.3079,0.0179,-338.4,69.4,01/06/2022
2298.54584,0.3156,0.3058,0.0117,0.0075,191.3,0.45,0.311,0.0181,-343.0,70.6,01/06/2022
2330.12383,0.3188,0.3088,0.0124,0.0074,193.8,0.46,0.314,0.0187,-347.5,71.7,01/06/2022
2361.56333,0.3218,0.3115,0.0129,0.0073,196.7,0.46,0.3169,0.0191,-352.0,72.9,01/06/2022
2393.00283,0.325,0.3146,0.0134,0.0073,199.3,0.47,0.3201,0.0195,-356.7,74.0,01/06/2022
2424.58083,0.3284,0.3176,0.0139,0.0072,201.9,0.47,0.3232,0.0199,-361.5,75.3,01/06/2022
2456.02032,0.3318,0.3205,0.0146,0.0071,204.5,0.48,0.3264,0.0204,-366.3,76.5,01/06/2022
2487.45982,0.3351,0.3235,0.015,0.007,207.1,0.48,0.3295,0.0207,-370.8,77.7,01/06/2022
2519.03782,0.3381,0.326,0.0156,0.0068,209.8,0.49,0.3323,0.021,-375.4,78.9,01/06/2022
2550.47732,0.3411,0.3288,0.016,0.0068,212.4,0.49,0.3352,0.0214,-380.0,80.0,01/06/2022
2581.91682,0.3445,0.3319,0.0165,0.0069,215.0,0.49,0.3384,0.0219,-384.6,81.2,01/06/2022
2613.49481,0.3478,0.3347,0.0169,0.0068,217.6,0.5,0.3415,0.0221,-389.5,82.4,01/06/2022
2644.93431,0.3513,0.3379,0.0176,0.0067,220.2,0.5,0.3448,0.0227,-394.2,83.7,01/06/2022
2676.37381,0.3544,0.3406,0.0179,0.0066,222.7,0.51,0.3477,0.0229,-398.8,84.9,01/06/2022
2707.95181,0.3574,0.3431,0.0183,0.0065,225.5,0.51,0.3505,0.0231,-403.5,86.1,01/06/2022
2739.3913,0.3606,0.3461,0.0189,0.0065,228.1,0.52,0.3536,0.0237,-407.9,87.3,01/06/2022
2770.9693,0.3635,0.3489,0.0195,0.0064,230.8,0.52,0.3565,0.0242,-412.6,88.6,01/06/2022
2802.4088,0.367,0.3518,0.02,0.0064,233.3,0.53,0.3596,0.0246,-417.5,89.8,01/06/2022
2833.8483,0.3702,0.3546,0.0205,0.0064,235.9,0.53,0.3627,0.025,-422.4,91.1,01/06/2022
2865.4263,0.3733,0.3576,0.0211,0.0063,238.6,0.53,0.3657,0.0254,-427.0,92.4,01/06/2022
2896.86579,0.3764,0.3602,0.0214,0.0061,241.2,0.54,0.3686,0.0256,-431.8,93.8,01/06/2022
2928.30529,0.3798,0.3629,0.022,0.0062,243.9,0.54,0.3716,0.0262,-436.3,95.0,01/06/2022
2959.88329,0.3829,0.3658,0.0225,0.0061,246.4,0.55,0.3746,0.0265,-441.0,96.2,01/06/2022
2991.32279,0.3862,0.3686,0.0229,0.006,249.1,0.55,0.3776,0.0269,-445.6,97.6,01/06/2022
3022.76228,0.3894,0.3715,0.0234,0.0059,251.7,0.56,0.3807,0.0272,-450.8,98.9,01/06/2022
3054.34028,0.3927,0.3743,0.024,0.0059,254.4,0.56,0.3838,0.0278,-455.5,100.3,01/06/2022
3085.77978,0.3958,0.3773,0.0245,0.0058,257.0,0.56,0.3868,0.028,-460.2,101.6,01/06/2022
3117.21928,0.3989,0.3799,0.0251,0.0058,259.6,0.57,0.3897,0.0286,-464.8,102.8,01/06/2022
3148.79728,0.4022,0.3828,0.0255,0.0058,262.3,0.57,0.3927,0.0289,-469.6,104.2,01/06/2022
3180.23677,0.4055,0.3853,0.0261,0.0058,264.9,0.58,0.3956,0.0295,-474.3,105.5,01/06/2022
3211.67627,0.4088,0.3883,0.0266,0.0055,267.5,0.58,0.3988,0.0297,-479.3,107.0,01/06/2022
3243.25427,0.4122,0.3909,0.0274,0.0055,270.1,0.59,0.4018,0.0304,-484.4,108.3,01/06/2022
3274.69377,0.4152,0.3937,0.0278,0.0054,272.6,0.59,0.4047,0.0307,-489.2,109.8,01/06/2022
3306.27176,0.4182,0.3963,0.0284,0.0053,275.4,0.6,0.4075,0.0311,-493.8,111.1,01/06/2022
3337.71126,0.4216,0.3991,0.0289,0.0054,277.9,0.6,0.4106,0.0317,-498.6,112.5,01/06/2022
3369.15076,0.4247,0.4018,0.0295,0.0054,280.6,0.61,0.4135,0.0322,-503.3,113.8,01/06/2022
3400.72876,0.428,0.4047,0.0299,0.0053,283.0,0.61,0.4166,0.0325,-508.3,115.3,01/06/2022
3432.16825,0.4313,0.4073,0.0306,0.0053,286.0,0.61,0.4196,0.0331,-513.2,116.8,01/06/2022
3463.60775,0.4345,0.4098,0.0311,0.0051,288.3,0.62,0.4224,0.0333,-518.1,118.2,01/06/2022
3495.18575,0.4374,0.4124,0.0316,0.005,291.0,0.62,0.4251,0.0338,-522.8,119.6,01/06/2022
3526.62525,0.4406,0.4151,0.0323,0.005,293.7,0.63,0.4281,0.0344,-527.5,121.0,01/06/2022
3558.06475,0.4438,0.4179,0.0328,0.005,296.3,0.63,0.4311,0.0348,-532.6,122.5,01/06/2022
3589.64274,0.4472,0.4207,0.0333,0.0049,298.8,0.64,0.4342,0.0352,-537.7,124.0,01/06/2022
3621.08224,0.4506,0.4232,0.0339,0.0049,301.6,0.64,0.4371,0.0357,-542.8,125.6,01/06/2022
3652.52174,0.4536,0.4258,0.0344,0.0049,304.1,0.64,0.44,0.0361,-547.7,127.1,01/06/2022
3684.09974,0.4569,0.4286,0.0351,0.0047,306.7,0.65,0.443,0.0366,-552.8,128.7,01/06/2022
3715.53923,0.4598,0.431,0.0357,0.0046,309.5,0.65,0.4456,0.037,-557.6,130.2,01/06/2022
3746.97873,0.4631,0.4336,0.0364,0.0046,312.2,0.66,0.4486,0.0377,-562.8,131.9,01/06/2022
3778.55673,0.4665,0.4364,0.037,0.0045,314.6,0.66,0.4517,0.0382,-568.1,133.5,01/06/2022
3809.99623,0.4698,0.4392,0.0377,0.0045,317.3,0.67,0.4548,0.0387,-573.4,135.1,01/06/2022
3841.57423,0.4731,0.4419,0.0384,0.0044,320.0,0.67,0.4577,0.0393,-578.7,136.7,01/06/2022
3873.01372,0.4763,0.4447,0.0391,0.0044,322.5,0.68,0.4607,0.0399,-584.0,138.3,01/06/2022
3904.45322,0.4793,0.4469,0.0398,0.0043,325.0,0.68,0.4634,0.0405,-588.9,139.8,01/06/2022
3936.03122,0.4821,0.4493,0.0404,0.0043,326.7,0.68,0.4659,0.041,-593.5,141.3,01/06/2022
3967.47072,0.485,0.4516,0.041,0.0041,328.8,0.69,0.4685,0.0414,-598.5,143.1,01/06/2022
3998.91021,0.4879,0.454,0.0415,0.0041,330.7,0.69,0.4712,0.0418,-603.4,144.6,01/06/2022
4030.48821,0.4907,0.4563,0.0423,0.0041,332.7,0.7,0.4738,0.0425,-608.4,146.3,01/06/2022
4061.92771,0.4936,0.4587,0.0428,0.0039,335.2,0.7,0.4764,0.0428,-613.3,148.0,01/06/2022
4093.36721,0.4965,0.4611,0.0433,0.0038,337.2,0.7,0.479,0.0432,-618.1,149.6,01/06/2022
4124.94521,0.4995,0.4634,0.0441,0.0038,339.3,0.71,0.4817,0.0439,-623.3,151.2,01/06/2022
4156.3847,0.5025,0.4658,0.0448,0.0037,341.5,0.71,0.4844,0.0445,-628.5,153.0,01/06/2022
4187.8242,0.5052,0.4681,0.0452,0.0036,343.5,0.72,0.4869,0.0448,-633.6,154.8,01/06/2022
4219.4022,0.5083,0.4704,0.0461,0.0036,345.4,0.72,0.4896,0.0455,-638.9,156.5,01/06/2022
4250.8417,0.5111,0.4725,0.0468,0.0036,347.6,0.72,0.492,0.0461,-644.0,158.3,01/06/2022
4282.28119,0.5141,0.475,0.0474,0.0035,349.7,0.73,0.4948,0.0466,-649.0,160.1,01/06/2022
4313.85919,0.5171,0.4773,0.048,0.0036,351.8,0.73,0.4974,0.0472,-654.1,161.9,01/06/2022
4345.29869,0.5197,0.4795,0.0487,0.0034,353.7,0.73,0.4998,0.0477,-659.3,163.8,01/06/2022
4376.87669,0.5228,0.4819,0.0493,0.0033,355.8,0.74,0.5026,0.0482,-664.8,165.6,01/06/2022
4408.31619,0.5257,0.4843,0.0501,0.0033,357.6,0.74,0.5053,0.0488,-670.0,167.5,01/06/2022
4439.75568,0.5286,0.4866,0.0508,0.0033,359.7,0.75,0.5079,0.0494,-675.3,169.4,01/06/2022
4471.33368,0.5317,0.4889,0.0514,0.0032,361.8,0.75,0.5106,0.05,-680.8,171.4,01/06/2022
4502.77318,0.5346,0.4912,0.0521,0.0031,364.1,0.75,0.5131,0.0505,-686.3,173.4,01/06/2022
4534.21268,0.5375,0.4935,0.0529,0.003,366.1,0.76,0.5157,0.0511,-691.9,175.4,01/06/2022
4565.79067,0.5403,0.4959,0.0536,0.0029,367.9,0.76,0.5184,0.0517,-697.3,177.5,01/06/2022
4597.23017,0.5432,0.4983,0.0546,0.0028,369.8,0.77,0.521,0.0524,-702.1,179.3,01/06/2022
4628.66967,0.5449,0.502,0.0569,0.0023,368.6,0.77,0.5237,0.054,-697.9,177.5,01/06/2022
4660.24767,0.5477,0.5047,0.0579,0.0023,370.3,0.77,0.5264,0.0549,-702.9,179.1,01/06/2022
4691.68716,0.5502,0.507,0.0586,0.0022,372.3,0.77,0.5288,0.0554,-707.9,181.1,01/06/2022
4723.12666,0.553,0.5096,0.0596,0.0022,374.4,0.78,0.5315,0.0564,-713.2,183.1,01/06/2022
4754.70466,0.5559,0.512,0.0604,0.0021,376.4,0.78,0.5342,0.0571,-718.8,185.2,01/06/2022
4786.14416,0.5585,0.5145,0.0612,0.002,378.3,0.79,0.5367,0.0577,-724.3,187.4,01/06/2022
4817.58366,0.5613,0.5171,0.0621,0.0019,380.5,0.79,0.5395,0.0584,-730.3,189.7,01/06/2022
4849.16165,0.5643,0.5192,0.0631,0.0018,382.3,0.79,0.542,0.0592,-736.2,192.1,01/06/2022
4880.60115,0.567,0.5217,0.0639,0.0018,384.5,0.8,0.5446,0.0599,-742.2,194.5,01/06/2022
4912.04065,0.5698,0.5241,0.065,0.0017,386.6,0.8,0.5472,0.0608,-748.5,197.0,01/06/2022
4943.61865,0.5728,0.5267,0.0659,0.0015,388.4,0.8,0.55,0.0615,-755.0,199.5,01/06/2022
4975.05814,0.5752,0.5288,0.0668,0.0013,390.3,0.81,0.5522,0.062,-761.6,202.3,01/06/2022
5006.63614,0.5786,0.5315,0.0679,0.0013,392.0,0.81,0.5553,0.063,-768.6,205.2,01/06/2022
5038.07564,0.5779,0.5305,0.0686,0.0012,390.4,0.81,0.5545,0.0635,-770.4,206.8,01/06/2022
5069.51514,0.576,0.5286,0.0687,0.0011,387.8,0.81,0.5525,0.0636,-769.1,207.1,01/06/2022
5101.09314,0.5739,0.5267,0.0688,0.0011,385.3,0.8,0.5505,0.0637,-767.0,207.1,01/06/2022
5132.53263,0.5719,0.5247,0.0688,0.0012,382.6,0.8,0.5486,0.0638,-764.8,206.9,01/06/2022
5163.97213,0.5697,0.5227,0.0687,0.0011,379.9,0.8,0.5464,0.0635,-762.6,206.5,01/06/2022
5195.55013,0.5676,0.5208,0.0687,0.001,377.3,0.8,0.5444,0.0634,-759.7,206.1,01/06/2022
5226.98963,0.5676,0.5207,0.0688,0.0011,377.4,0.8,0.5444,0.0637,-760.3,206.3,01/06/2022
5258.42912,0.5705,0.523,0.069,0.0014,380.3,0.8,0.547,0.064,-764.4,207.4,01/06/2022
5290.00712,0.5731,0.5256,0.0692,0.0014,383.1,0.8,0.5496,0.0643,-768.7,208.5,01/06/2022
5321.44662,0.576,0.5281,0.07,0.0013,386.2,0.81,0.5523,0.065,-773.3,209.8,01/06/2022
5352.88612,0.5788,0.5305,0.0707,0.0012,388.6,0.81,0.5549,0.0654,-778.1,211.1,01/06/2022
5384.46412,0.5816,0.5329,0.0713,0.0011,391.3,0.81,0.5575,0.0659,-783.2,212.5,01/06/2022
5415.90361,0.5843,0.5355,0.0722,0.001,393.4,0.82,0.5602,0.0667,-788.5,214.1,01/06/2022
5447.34311,0.5872,0.5378,0.0731,0.0008,395.9,0.82,0.5628,0.0672,-794.9,216.2,01/06/2022
5478.92111,0.59,0.5404,0.0741,0.0007,398.3,0.82,0.5655,0.068,-802.0,218.8,01/06/2022
5510.36061,0.5925,0.5428,0.075,0.0007,400.5,0.83,0.5679,0.0689,-816.7,225.4,01/06/2022
5541.9386,0.5956,0.5454,0.0762,0.0009,402.4,0.83,0.5708,0.0701,-832.7,234.0,01/06/2022
5573.3781,0.5983,0.5478,0.0774,0.0009,404.3,0.83,0.5733,0.0712,-850.6,243.4,01/06/2022
5604.8176,0.601,0.5503,0.0786,0.0011,406.2,0.84,0.5759,0.0726,-871.0,254.7,01/06/2022
5636.3956,0.6029,0.5516,0.0798,0.001,407.0,0.84,0.5775,0.0736,-891.4,267.8,01/06/2022
5667.8351,0.6012,0.5499,0.0801,0.001,404.4,0.84,0.5758,0.0739,-898.3,275.0,01/06/2022
5699.27459,0.5993,0.5479,0.0802,0.0012,401.8,0.83,0.5738,0.0741,-899.5,278.7,01/06/2022
5730.85259,0.5972,0.5461,0.0802,0.0013,399.2,0.83,0.5719,0.0742,-899.3,280.9,01/06/2022
5762.29209,0.5952,0.5442,0.0802,0.0013,396.5,0.83,0.5699,0.0741,-898.1,282.2,01/06/2022
5793.73159,0.5931,0.5422,0.0802,0.0013,393.9,0.82,0.5679,0.0742,-896.0,282.9,01/06/2022
5825.30958,0.5908,0.5401,0.0801,0.0014,391.2,0.82,0.5657,0.0742,-893.5,283.1,01/06/2022
5856.74908,0.5882,0.5378,0.0801,0.0012,388.6,0.82,0.5633,0.074,-890.5,283.1,01/06/2022
5888.18858,0.5858,0.5355,0.0798,0.001,386.0,0.82,0.5609,0.0736,-887.5,282.9,01/06/2022
5919.76658,0.5885,0.5382,0.0803,0.0013,389.0,0.82,0.5636,0.0743,-891.7,284.3,01/06/2022
5951.20607,0.5911,0.5404,0.0804,0.0015,391.9,0.82,0.566,0.0746,-896.4,286.0,01/06/2022
5982.64557,0.5941,0.543,0.0805,0.0017,394.8,0.83,0.5688,0.0749,-901.3,287.9,01/06/2022
6014.22357,0.5967,0.5454,0.0814,0.0014,397.6,0.83,0.5713,0.0753,-906.6,290.0,01/06/2022
6045.66307,0.5994,0.5478,0.0819,0.0014,400.7,0.83,0.5739,0.0758,-912.3,292.5,01/06/2022
6077.24107,0.6025,0.5504,0.0826,0.0015,403.4,0.84,0.5767,0.0766,-918.9,295.8,01/06/2022
6108.68056,0.6051,0.5529,0.0833,0.0014,406.0,0.84,0.5792,0.0771,-926.5,299.9,01/06/2022
6140.12006,0.6079,0.5555,0.0844,0.0014,408.3,0.84,0.5819,0.0781,-935.2,305.1,01/06/2022
6171.69806,0.6106,0.5578,0.0853,0.0015,410.7,0.85,0.5845,0.079,-945.8,312.1,01/06/2022
6203.13756,0.6134,0.5602,0.0865,0.0017,413.1,0.85,0.587,0.0803,-960.1,324.3,01/06/2022
6234.57705,0.6158,0.5627,0.0878,0.0022,414.8,0.85,0.5895,0.082,-973.9,342.9,01/06/2022
6266.15505,0.6189,0.5653,0.0894,0.0027,416.9,0.86,0.5923,0.084,-970.6,357.5,01/06/2022
6297.59455,0.621,0.5672,0.0913,0.0035,417.7,0.86,0.5943,0.0865,-954.4,362.5,01/06/2022
6329.03405,0.6196,0.5656,0.0923,0.0038,415.1,0.86,0.5929,0.0877,-935.1,349.7,01/06/2022
6360.61205,0.6179,0.5639,0.0926,0.0041,412.4,0.86,0.5911,0.0883,-921.8,340.8,01/06/2022
6392.05154,0.6155,0.5618,0.0927,0.0041,409.8,0.85,0.589,0.0884,-914.4,336.6,01/06/2022
6423.49104,0.6132,0.5598,0.0928,0.0043,407.1,0.85,0.5867,0.0886,-908.3,333.7,01/06/2022
6455.06904,0.6111,0.5578,0.0927,0.0043,404.5,0.85,0.5847,0.0886,-902.5,330.7,01/06/2022
6486.50854,0.6086,0.5556,0.0926,0.0043,401.8,0.84,0.5824,0.0885,-897.8,329.0,01/06/2022
6517.94803,0.6067,0.5536,0.0926,0.0044,399.3,0.84,0.5804,0.0885,-893.1,327.4,01/06/2022
6549.52603,0.6043,0.5516,0.0926,0.0044,396.7,0.84,0.5782,0.0886,-888.7,326.0,01/06/2022
6580.96553,0.6057,0.5531,0.0927,0.0044,398.5,0.84,0.5797,0.0886,-890.0,326.0,01/06/2022
6612.54353,0.6084,0.5553,0.0928,0.0045,401.6,0.84,0.5821,0.0889,-893.3,325.7,01/06/2022
6643.98303,0.6111,0.558,0.0931,0.005,404.2,0.85,0.5848,0.0896,-896.6,325.7,01/06/2022
6675.42252,0.614,0.5607,0.0943,0.0048,407.2,0.85,0.5876,0.0905,-900.9,324.9,01/06/2022
6707.00052,0.6165,0.563,0.095,0.0048,409.5,0.85,0.59,0.0912,-903.7,324.0,01/06/2022
6738.44002,0.6192,0.5657,0.0964,0.0051,412.0,0.86,0.5927,0.0928,-904.7,321.9,01/06/2022
6769.87952,0.622,0.5681,0.0983,0.0055,414.4,0.86,0.5953,0.0949,-905.5,317.0,01/06/2022
6801.45751,0.6246,0.5708,0.1019,0.0063,416.1,0.86,0.5979,0.0989,-895.7,290.9,01/06/2022
6832.89701,0.6274,0.5735,0.1054,0.0062,417.7,0.87,0.6007,0.102,-895.8,291.1,01/06/2022
6864.33651,0.63,0.5761,0.109,0.0063,419.2,0.87,0.6033,0.1054,-897.0,293.5,01/06/2022
6895.91451,0.6327,0.5787,0.1184,0.0069,419.9,0.87,0.606,0.1145,-897.0,309.5,01/06/2022
6927.35401,0.6353,0.5813,0.133,0.0073,418.4,0.88,0.6085,0.1282,-909.1,346.4,01/06/2022
6958.7935,0.6377,0.584,0.1403,0.0067,419.2,0.88,0.6111,0.1342,-912.2,355.5,01/06/2022
6990.3715,0.6403,0.5865,0.1463,0.0062,420.1,0.88,0.6137,0.1392,-908.4,366.1,01/06/2022
7021.811,0.6426,0.5894,0.1518,0.0056,421.2,0.89,0.6162,0.1436,-910.4,371.9,01/06/2022
7053.2505,0.6452,0.5922,0.1593,0.0047,421.6,0.89,0.6189,0.1495,-912.1,377.3,01/06/2022
7084.82849,0.6478,0.5949,0.1657,0.0041,422.1,0.89,0.6216,0.1547,-914.3,382.0,01/06/2022
7116.26799,0.6503,0.5977,0.1719,0.0037,422.9,0.89,0.6243,0.16,-916.5,386.5,01/06/2022
7147.84599,0.6529,0.6005,0.1784,0.0029,423.6,0.9,0.6269,0.1651,-919.5,389.7,01/06/2022
7179.28549,0.6551,0.6031,0.186,0.0023,424.0,0.9,0.6294,0.1714,-921.4,393.7,01/06/2022
7210.72498,0.6269,0.5856,0.2462,-0.0079,376.8,0.86,0.6065,0.216,-881.8,435.8,01/06/2022
7242.30298,0.6164,0.5868,0.2487,-0.0102,362.3,0.84,0.6018,0.2159,-859.1,452.3,01/06/2022
7273.74248,0.6144,0.586,0.2487,-0.0101,360.3,0.84,0.6004,0.216,-851.0,456.1,01/06/2022
7305.18198,0.6122,0.5841,0.2487,-0.0101,358.3,0.83,0.5984,0.216,-848.1,457.1,01/06/2022
7336.75998,0.6112,0.5839,0.2488,-0.0102,357.7,0.83,0.5978,0.216,-848.2,458.5,01/06/2022
7368.19947,0.61,0.5831,0.2488,-0.01,356.6,0.83,0.5968,0.2162,-847.2,459.6,01/06/2022
7399.63897,0.6106,0.5836,0.2487,-0.01,357.4,0.83,0.5974,0.2161,-849.0,460.9,01/06/2022
7431.21697,0.6089,0.5821,0.2488,-0.0101,355.4,0.83,0.5957,0.2161,-847.0,461.4,01/06/2022
7462.65647,0.6084,0.5819,0.2488,-0.0099,354.8,0.83,0.5954,0.2163,-846.4,462.2,01/06/2022
7494.09596,0.6085,0.582,0.2487,-0.0099,354.9,0.83,0.5955,0.2163,-846.6,463.3,01/06/2022
7525.67396,0.6077,0.5816,0.2489,-0.0099,354.3,0.83,0.5949,0.2164,-845.7,464.0,01/06/2022
7557.11346,0.6072,0.5811,0.2489,-0.0099,354.0,0.83,0.5944,0.2164,-845.1,464.7,01/06/2022
7588.55296,0.6074,0.5814,0.2489,-0.0098,354.1,0.83,0.5947,0.2165,-845.3,465.4,01/06/2022
7620.13096,0.6061,0.5803,0.249,-0.0098,352.6,0.83,0.5935,0.2165,-843.7,465.6,01/06/2022
7651.57045,0.6061,0.5806,0.249,-0.0098,352.9,0.83,0.5936,0.2166,-844.0,466.4,01/06/2022
7683.14845,0.6061,0.5803,0.249,-0.0096,352.4,0.83,0.5934,0.2167,-843.6,466.8,01/06/2022
7714.58795,0.6052,0.5795,0.2489,-0.0097,351.7,0.82,0.5926,0.2165,-842.7,467.1,01/06/2022
7746.02745,0.6057,0.58,0.2489,-0.0095,352.0,0.82,0.5931,0.2168,-843.0,467.6,01/06/2022
7777.60544,0.6061,0.5808,0.2491,-0.0096,353.1,0.83,0.5937,0.2169,-844.0,468.6,01/06/2022
7809.04494,0.605,0.5798,0.249,-0.0096,351.6,0.82,0.5926,0.2168,-842.6,468.5,01/06/2022
7840.48444,0.6047,0.5795,0.2493,-0.0096,351.2,0.82,0.5924,0.217,-842.0,468.9,01/06/2022
7872.06244,0.606,0.5807,0.2491,-0.0095,352.8,0.83,0.5936,0.2169,-844.1,469.8,01/06/2022
7903.50194,0.6049,0.5796,0.249,-0.0096,351.5,0.82,0.5925,0.2168,-842.4,469.7,01/06/2022
7934.94143,0.6046,0.5796,0.2492,-0.0095,351.4,0.82,0.5923,0.217,-842.1,470.0,01/06/2022
7966.51943,0.6056,0.5803,0.2492,-0.0095,352.4,0.82,0.5932,0.2171,-843.3,470.7,01/06/2022
7997.95893,0.6042,0.579,0.2492,-0.0095,350.7,0.82,0.5918,0.217,-841.5,470.6,01/06/2022
8029.39843,0.6048,0.5798,0.2492,-0.0093,351.2,0.82,0.5925,0.2172,-842.3,471.2,01/06/2022
8060.97642,0.6047,0.5796,0.2495,-0.0095,351.3,0.82,0.5924,0.2173,-842.5,471.6,01/06/2022
8092.41592,0.6049,0.5802,0.2496,-0.0096,351.7,0.82,0.5928,0.2173,-843.1,472.1,01/06/2022
8123.85542,0.6052,0.5802,0.2495,-0.0096,351.9,0.82,0.5929,0.2172,-843.4,472.5,01/06/2022
8155.43342,0.6051,0.5803,0.2498,-0.0096,352.0,0.82,0.5929,0.2175,-843.5,472.8,01/06/2022
8186.87292,0.6038,0.5791,0.2498,-0.0097,350.5,0.82,0.5917,0.2174,-841.4,472.7,01/06/2022
8218.45091,0.6039,0.5791,0.2498,-0.0095,350.3,0.82,0.5918,0.2176,-841.4,472.9,01/06/2022
8249.89041,0.6038,0.5791,0.2498,-0.0095,350.2,0.82,0.5917,0.2176,-841.5,473.3,01/06/2022
8281.32991,0.6045,0.5798,0.2499,-0.0096,351.2,0.82,0.5924,0.2177,-842.7,473.9,01/06/2022
8312.90791,0.6039,0.5793,0.25,-0.0097,350.8,0.82,0.5919,0.2176,-842.1,474.0,01/06/2022
8344.3474,0.6043,0.5798,0.2499,-0.0095,351.1,0.82,0.5923,0.2177,-842.7,474.5,01/06/2022
8375.7869,0.6048,0.5801,0.2499,-0.0095,351.4,0.82,0.5927,0.2177,-843.6,475.0,01/06/2022
8407.3649,0.6053,0.5807,0.25,-0.0095,351.7,0.82,0.5932,0.2178,-844.1,475.6,01/06/2022
8438.8044,0.6046,0.58,0.25,-0.0095,351.0,0.82,0.5925,0.2178,-843.4,475.8,01/06/2022
8470.24389,0.6046,0.5801,0.25,-0.0094,351.0,0.82,0.5926,0.2179,-843.7,476.2,01/06/2022
8501.82189,0.6043,0.5798,0.2501,-0.0094,350.9,0.82,0.5923,0.218,-843.6,476.5,01/06/2022
8533.26139,0.6051,0.5807,0.2501,-0.0094,351.9,0.82,0.5931,0.218,-844.9,477.4,01/06/2022
8564.70089,0.6036,0.5793,0.2502,-0.0094,350.1,0.82,0.5917,0.218,-843.0,477.1,01/06/2022
8596.27889,0.6035,0.5792,0.2502,-0.0094,350.0,0.82,0.5916,0.2181,-843.0,477.4,01/06/2022
8627.71838,0.6045,0.58,0.2502,-0.0093,351.0,0.82,0.5925,0.2181,-844.4,478.2,01/06/2022
8659.15788,0.604,0.5796,0.2502,-0.0093,350.6,0.82,0.5921,0.2182,-844.0,478.4,01/06/2022
8690.73588,0.6042,0.58,0.2503,-0.0093,350.9,0.82,0.5923,0.2183,-844.3,478.9,01/06/2022
8722.17538,0.6031,0.5788,0.2504,-0.0094,349.7,0.82,0.5912,0.2183,-843.0,478.8,01/06/2022
8753.75337,0.6039,0.5797,0.2505,-0.0093,350.4,0.82,0.5921,0.2184,-844.1,479.4,01/06/2022
8785.19287,0.6043,0.58,0.2505,-0.0093,351.0,0.82,0.5924,0.2184,-844.7,479.9,01/06/2022
8816.63237,0.6042,0.5801,0.2506,-0.0092,350.7,0.82,0.5924,0.2185,-844.6,480.1,01/06/2022
8848.21037,0.6043,0.5803,0.2506,-0.0092,350.7,0.82,0.5926,0.2187,-844.9,480.4,01/06/2022
8879.64987,0.6046,0.5804,0.2506,-0.009,351.0,0.82,0.5928,0.2188,-845.2,480.7,01/06/2022
8911.08936,0.6034,0.5792,0.2505,-0.0092,350.0,0.82,0.5916,0.2186,-843.5,480.4,01/06/2022
8942.66736,0.6055,0.5813,0.2508,-0.009,352.1,0.82,0.5936,0.219,-846.5,481.7,01/06/2022
8974.10686,0.6056,0.5813,0.2509,-0.0091,352.0,0.82,0.5937,0.219,-846.8,482.1,01/06/2022
9005.54636,0.6073,0.5831,0.2516,-0.0095,353.8,0.83,0.5955,0.2192,-849.2,483.0,01/06/2022
9037.12435,0.6073,0.583,0.2518,-0.0096,353.6,0.83,0.5954,0.2193,-849.2,483.4,01/06/2022
9068.56385,0.6067,0.5823,0.2519,-0.0094,352.9,0.83,0.5947,0.2195,-848.1,483.4,01/06/2022
9100.00335,0.6076,0.5833,0.2519,-0.0094,353.9,0.83,0.5957,0.2196,-849.4,484.1,01/06/2022
9131.58135,0.6081,0.584,0.2522,-0.0094,354.6,0.83,0.5963,0.2198,-850.4,484.7,01/06/2022
9163.02085,0.6089,0.5848,0.2524,-0.0094,355.0,0.83,0.5971,0.22,-851.7,485.3,01/06/2022
9194.46034,0.6092,0.5849,0.2524,-0.0092,355.3,0.83,0.5973,0.2202,-852.1,485.9,01/06/2022
9226.03834,0.6096,0.5854,0.2526,-0.0092,355.7,0.83,0.5977,0.2204,-852.9,486.5,01/06/2022
9257.47784,0.6102,0.5862,0.2526,-0.0093,356.4,0.83,0.5985,0.2204,-854.0,487.4,01/06/2022
9288.91734,0.6108,0.5868,0.2528,-0.0093,357.2,0.83,0.5991,0.2205,-855.2,488.4,01/06/2022
9320.49533,0.6111,0.5869,0.253,-0.0094,357.2,0.83,0.5992,0.2206,-855.5,489.6,01/06/2022
9351.93483,0.612,0.5877,0.2534,-0.0094,357.8,0.83,0.6001,0.221,-857.0,492.0,01/06/2022
9383.51283,0.6108,0.5867,0.2535,-0.0094,356.5,0.83,0.599,0.2211,-856.0,493.6,01/06/2022
9414.95233,0.6078,0.5844,0.2541,-0.0098,353.0,0.83,0.5963,0.2212,-853.0,493.7,01/06/2022
9446.39183,0.6097,0.5867,0.2542,-0.0098,355.4,0.83,0.5985,0.2213,-856.4,495.9,01/06/2022
9477.96982,0.6103,0.5871,0.2544,-0.0098,355.6,0.83,0.599,0.2215,-857.0,497.5,01/06/2022
9509.40932,0.6107,0.5876,0.2546,-0.0099,355.8,0.83,0.5994,0.2216,-857.9,499.2,01/06/2022
9540.84882,0.6113,0.5879,0.2549,-0.0099,356.0,0.83,0.5998,0.2218,-858.8,501.3,01/06/2022
9572.42682,0.611,0.5877,0.2549,-0.0097,355.5,0.83,0.5996,0.222,-858.7,503.1,01/06/2022
9603.86631,0.6135,0.5905,0.2552,-0.0097,358.4,0.83,0.6023,0.2222,-862.9,506.4,01/06/2022
9635.30581,0.6117,0.5885,0.2553,-0.0097,356.0,0.83,0.6004,0.2224,-860.3,508.0,01/06/2022
9666.88381,0.6124,0.5895,0.2554,-0.0097,356.9,0.83,0.6012,0.2225,-862.1,512.3,01/06/2022
9698.32331,0.6124,0.5896,0.2555,-0.0098,356.4,0.83,0.6012,0.2225,-863.6,528.0,01/06/2022
9729.7628,0.6126,0.5899,0.2559,-0.0099,356.5,0.83,0.6015,0.2228,-865.1,536.9,01/06/2022
9761.3408,0.6128,0.5903,0.256,-0.0099,356.7,0.83,0.6018,0.2229,-866.0,541.8,01/06/2022
9792.7803,0.6131,0.5904,0.2562,-0.0099,356.7,0.83,0.602,0.223,-866.6,545.0,01/06/2022
9824.2198,0.6138,0.5914,0.2564,-0.0099,357.4,0.83,0.6028,0.2232,-867.9,547.8,01/06/2022
9855.7978,0.6139,0.5916,0.2567,-0.0098,357.6,0.83,0.603,0.2235,-868.5,550.0,01/06/2022
9887.23729,0.6141,0.5918,0.2569,-0.0099,357.7,0.83,0.6032,0.2236,-868.9,551.9,01/06/2022
9918.81529,0.6142,0.5919,0.2569,-0.0099,357.5,0.83,0.6033,0.2237,-869.1,553.7,01/06/2022
9950.25479,0.6148,0.5924,0.2572,-0.0098,358.0,0.83,0.6039,0.224,-870.1,555.4,01/06/2022
9981.69429,0.6159,0.5937,0.2574,-0.0098,359.3,0.83,0.605,0.2241,-872.1,557.3,01/06/2022
10013.27228,0.6153,0.593,0.2575,-0.0097,358.5,0.83,0.6044,0.2243,-871.2,558.3,01/06/2022
10044.71178,0.6163,0.5939,0.2576,-0.0098,359.4,0.83,0.6054,0.2244,-872.5,560.2,01/06/2022
10076.15128,0.6155,0.5934,0.2579,-0.01,358.4,0.83,0.6047,0.2245,-871.7,561.4,01/06/2022
10107.72928,0.616,0.594,0.258,-0.01,359.0,0.83,0.6052,0.2246,-872.7,562.9,01/06/2022
10139.16878,0.6164,0.5944,0.2583,-0.0098,358.9,0.83,0.6056,0.225,-873.0,564.2,01/06/2022
10170.60827,0.6161,0.5941,0.2583,-0.0098,358.9,0.83,0.6054,0.225,-872.8,565.3,01/06/2022
10202.18627,0.6167,0.5947,0.2584,-0.0098,359.0,0.83,0.606,0.2251,-873.3,566.7,01/06/2022
10233.62577,0.6165,0.5946,0.2585,-0.0098,359.1,0.83,0.6058,0.2252,-873.2,567.7,01/06/2022
10265.06527,0.6171,0.5954,0.2588,-0.0098,359.5,0.83,0.6065,0.2255,-874.3,569.0,01/06/2022
10296.64326,0.6153,0.594,0.2595,-0.0103,357.1,0.83,0.6049,0.2256,-872.3,569.0,01/06/2022
10328.08276,0.6155,0.5944,0.2596,-0.0102,357.0,0.83,0.6052,0.2258,-872.2,569.8,01/06/2022
10359.52226,0.6161,0.595,0.2597,-0.0102,357.6,0.83,0.6058,0.2259,-873.1,571.0,01/06/2022
10391.10026,0.6159,0.5948,0.26,-0.0101,357.0,0.83,0.6056,0.2262,-872.5,571.6,01/06/2022
10422.53976,0.6157,0.5946,0.2602,-0.0101,356.9,0.83,0.6054,0.2264,-872.5,572.2,01/06/2022
10454.11775,0.6168,0.596,0.2603,-0.0101,358.3,0.83,0.6067,0.2265,-874.2,573.6,01/06/2022
10485.55725,0.6161,0.5952,0.2604,-0.0102,357.2,0.83,0.6059,0.2265,-873.0,573.9,01/06/2022
10516.99675,0.617,0.5962,0.2606,-0.0102,358.1,0.83,0.6069,0.2267,-874.4,575.1,01/06/2022
10548.57475,0.617,0.5964,0.2607,-0.0102,358.0,0.83,0.6069,0.2268,-874.2,575.9,01/06/2022
10580.01424,0.6175,0.5969,0.2609,-0.0101,358.3,0.83,0.6075,0.2271,-874.9,576.9,01/06/2022
10611.45374,0.6176,0.5971,0.2611,-0.0101,358.4,0.83,0.6076,0.2273,-874.8,577.6,01/06/2022
10643.03174,0.6178,0.5974,0.2612,-0.0101,358.7,0.83,0.6078,0.2273,-875.2,578.5,01/06/2022
10674.47124,0.6177,0.5973,0.2614,-0.0102,358.6,0.83,0.6077,0.2274,-874.9,579.1,01/06/2022
10705.91074,0.6178,0.5971,0.2614,-0.0102,358.2,0.83,0.6077,0.2274,-874.2,579.5,01/06/2022
10737.48873,0.6182,0.5979,0.2618,-0.0102,358.8,0.83,0.6083,0.2277,-875.1,580.5,01/06/2022
10768.92823,0.6182,0.5979,0.2619,-0.0102,358.5,0.83,0.6083,0.228,-875.0,581.2,01/06/2022
10800.36773,0.6188,0.5985,0.2621,-0.0102,359.0,0.83,0.6089,0.2281,-875.8,582.1,01/06/2022
10831.94573,0.6173,0.5971,0.2626,-0.0104,357.3,0.83,0.6075,0.2284,-873.7,582.1,01/06/2022
10863.38522,0.6161,0.5963,0.2628,-0.0104,356.1,0.83,0.6065,0.2285,-872.0,582.1,01/06/2022
10894.82472,0.616,0.5961,0.263,-0.0104,355.6,0.83,0.6063,0.2287,-871.7,582.3,01/06/2022
10926.40272,0.6154,0.5959,0.2631,-0.0104,355.1,0.83,0.6059,0.2287,-870.9,582.5,01/06/2022
10957.84222,0.5952,0.5795,0.2647,-0.0116,330.0,0.8,0.5876,0.229,-836.8,572.3,01/06/2022
10989.42021,0.5914,0.5762,0.2647,-0.0117,326.2,0.79,0.5841,0.2289,-831.0,570.6,01/06/2022
11020.85971,0.5901,0.5754,0.2648,-0.0116,325.0,0.79,0.583,0.2291,-829.0,570.1,01/06/2022
11052.29921,0.5908,0.5763,0.2647,-0.0115,325.7,0.79,0.5838,0.2291,-829.9,570.4,01/06/2022
11083.87721,0.5906,0.5761,0.2646,-0.0115,325.6,0.79,0.5836,0.2291,-829.6,570.3,01/06/2022
11115.31671,0.5903,0.5759,0.2646,-0.0114,325.0,0.79,0.5833,0.2291,-829.1,570.2,01/06/2022
11146.7562,0.5903,0.5764,0.2647,-0.0113,325.1,0.79,0.5836,0.2293,-829.4,570.3,01/06/2022
11178.3342,0.5909,0.577,0.2647,-0.0114,326.0,0.79,0.5842,0.2293,-830.3,570.7,01/06/2022
11209.7737,0.5905,0.5769,0.2647,-0.0113,325.4,0.79,0.584,0.2293,-829.3,570.4,01/06/2022
11241.2132,0.5909,0.5775,0.2649,-0.0115,326.1,0.79,0.5844,0.2293,-829.7,570.6,01/06/2022
11272.79119,0.5914,0.578,0.265,-0.0115,326.3,0.79,0.5849,0.2294,-830.0,570.8,01/06/2022
11304.23069,0.5922,0.5792,0.2651,-0.0116,327.0,0.79,0.586,0.2294,-831.0,571.1,01/06/2022
11335.67019,0.5916,0.5786,0.2656,-0.012,325.3,0.79,0.5854,0.2295,-828.5,570.3,01/06/2022
11367.24819,0.5906,0.5783,0.2658,-0.012,324.3,0.79,0.5847,0.2296,-827.3,569.9,01/06/2022
11398.68769,0.5909,0.5787,0.2657,-0.012,324.9,0.79,0.585,0.2296,-827.6,570.1,01/06/2022
11430.12718,0.5912,0.5795,0.266,-0.0121,325.4,0.79,0.5856,0.2297,-828.3,570.4,01/06/2022
11461.70518,0.5912,0.5797,0.266,-0.0121,325.4,0.79,0.5857,0.2298,-828.1,570.4,01/06/2022
11493.14468,0.5902,0.5788,0.2661,-0.0122,324.1,0.78,0.5847,0.2297,-826.5,570.0,01/06/2022
11524.72268,0.591,0.5795,0.2661,-0.0121,324.8,0.78,0.5855,0.2298,-827.4,570.3,01/06/2022
11556.16217,0.5907,0.5794,0.2663,-0.0121,324.3,0.78,0.5853,0.2299,-827.0,570.2,01/06/2022
11587.60167,0.5898,0.5784,0.2663,-0.0122,323.4,0.78,0.5843,0.2299,-825.6,569.8,01/06/2022
11619.17967,0.5904,0.5793,0.2662,-0.012,324.5,0.78,0.5851,0.23,-826.7,570.3,01/06/2022
11650.61917,0.5916,0.5806,0.2665,-0.0122,325.7,0.79,0.5864,0.2301,-828.3,570.8,01/06/2022
11682.05867,0.5906,0.5796,0.2666,-0.0121,324.5,0.78,0.5853,0.2302,-826.9,570.4,01/06/2022
11713.63666,0.5912,0.5803,0.2664,-0.012,324.8,0.78,0.586,0.2302,-827.6,570.6,01/06/2022
11745.07616,0.5911,0.5803,0.2664,-0.012,324.8,0.78,0.5859,0.2302,-827.5,570.6,01/06/2022
11776.51566,0.5915,0.5808,0.2664,-0.012,325.4,0.78,0.5864,0.2302,-828.1,570.9,01/06/2022
11808.09366,0.5909,0.5799,0.2664,-0.012,324.7,0.78,0.5857,0.2302,-827.1,570.6,01/06/2022
11839.53315,0.5925,0.5819,0.2668,-0.0122,326.6,0.79,0.5874,0.2304,-829.6,571.4,01/06/2022
11870.97265,0.591,0.5804,0.2669,-0.0122,324.7,0.78,0.5859,0.2305,-827.2,570.8,01/06/2022
11902.55065,0.5917,0.5813,0.2669,-0.0121,325.4,0.78,0.5868,0.2305,-828.3,571.2,01/06/2022
11933.99015,0.5919,0.5814,0.2669,-0.0121,325.6,0.78,0.5869,0.2306,-828.5,571.3,01/06/2022
11965.42965,0.5919,0.5815,0.2669,-0.0121,325.5,0.78,0.587,0.2306,-828.6,571.3,01/06/2022
11997.00764,0.5924,0.582,0.2669,-0.0121,326.2,0.78,0.5874,0.2305,-829.2,571.6,01/06/2022
12028.44714,0.5925,0.5824,0.267,-0.012,326.2,0.78,0.5877,0.2308,-829.3,571.6,01/06/2022
12060.02514,0.5926,0.5823,0.267,-0.012,326.2,0.79,0.5877,0.2307,-829.4,571.8,01/06/2022
12091.46464,0.5929,0.5825,0.2672,-0.0122,326.5,0.79,0.588,0.2308,-829.8,572.0,01/06/2022
12122.90413,0.5936,0.5834,0.2672,-0.012,327.0,0.79,0.5888,0.2309,-830.6,572.3,01/06/2022
12154.48213,0.5934,0.5834,0.2673,-0.012,326.9,0.79,0.5886,0.2309,-830.2,572.3,01/06/2022
12185.92163,0.5934,0.583,0.2673,-0.012,326.8,0.79,0.5884,0.231,-829.9,572.2,01/06/2022
12217.36113,0.5934,0.5831,0.2673,-0.0122,326.9,0.79,0.5885,0.2309,-830.1,572.4,01/06/2022
12248.93912,0.5937,0.5835,0.2674,-0.0119,327.0,0.79,0.5888,0.2312,-830.4,572.5,01/06/2022
12280.37862,0.5934,0.5834,0.2673,-0.012,326.6,0.79,0.5886,0.231,-830.2,572.4,01/06/2022
12311.81812,0.593,0.5829,0.2675,-0.0121,326.5,0.79,0.5882,0.231,-829.6,572.3,01/06/2022
12343.39612,0.5927,0.5825,0.2675,-0.0121,326.1,0.78,0.5879,0.2312,-829.2,572.2,01/06/2022
12374.83562,0.5932,0.5833,0.2676,-0.012,326.8,0.79,0.5885,0.2313,-830.2,572.4,01/06/2022
12406.27511,0.5928,0.5829,0.2675,-0.012,326.5,0.78,0.5881,0.2312,-829.4,572.2,01/06/2022
12437.85311,0.5928,0.583,0.2675,-0.0118,326.2,0.78,0.5882,0.2314,-829.3,572.2,01/06/2022
12469.29261,0.5925,0.5824,0.2675,-0.012,326.1,0.78,0.5877,0.2311,-829.3,572.3,01/06/2022
12500.73211,0.5929,0.583,0.2676,-0.0118,326.5,0.79,0.5882,0.2314,-829.8,572.5,01/06/2022
12532.3101,0.5932,0.5832,0.2677,-0.0119,326.7,0.79,0.5884,0.2315,-830.0,572.6,01/06/2022
12563.7496,0.5926,0.5825,0.2678,-0.0119,326.2,0.78,0.5878,0.2315,-829.2,572.4,01/06/2022
12595.3276,0.5928,0.583,0.268,-0.0122,326.3,0.78,0.5882,0.2315,-829.4,572.6,01/06/2022
12626.7671,0.594,0.5843,0.2682,-0.0121,327.5,0.79,0.5894,0.2318,-831.3,573.1,01/06/2022
12658.2066,0.5932,0.5835,0.2683,-0.0121,326.6,0.78,0.5886,0.2318,-829.9,572.8,01/06/2022
12689.78459,0.5935,0.5838,0.2683,-0.012,326.9,0.79,0.5889,0.2319,-830.2,572.9,01/06/2022
12721.22409,0.5939,0.5843,0.2682,-0.0121,327.2,0.79,0.5893,0.2318,-830.8,573.1,01/06/2022
12752.66359,0.5935,0.5839,0.2684,-0.0121,326.9,0.79,0.589,0.2319,-830.2,573.0,01/06/2022
12784.24159,0.5937,0.584,0.2683,-0.012,327.2,0.79,0.5891,0.2319,-830.4,573.1,01/06/2022
12815.68108,0.5938,0.5842,0.2683,-0.012,327.2,0.79,0.5892,0.232,-830.5,573.2,01/06/2022
12847.12058,0.5945,0.5851,0.2684,-0.012,328.0,0.79,0.59,0.2321,-831.8,573.6,01/06/2022
12878.69858,0.5943,0.5847,0.2685,-0.012,327.6,0.79,0.5898,0.232,-831.2,573.4,01/06/2022
12910.13808,0.5942,0.5847,0.2686,-0.012,327.6,0.79,0.5897,0.2322,-831.1,573.4,01/06/2022
12941.57758,0.594,0.5845,0.2686,-0.012,327.6,0.79,0.5895,0.2322,-830.9,573.4,01/06/2022
12973.15557,0.5945,0.5851,0.2686,-0.012,328.3,0.79,0.59,0.2322,-831.7,573.7,01/06/2022
13004.59507,0.5946,0.5853,0.2687,-0.012,327.9,0.79,0.5902,0.2323,-831.9,573.8,01/06/2022
13036.03457,0.5954,0.586,0.2687,-0.0119,328.8,0.79,0.5909,0.2323,-832.7,574.1,01/06/2022
13067.61257,0.5946,0.585,0.2688,-0.012,327.9,0.79,0.5901,0.2324,-831.7,573.8,01/06/2022
13099.05206,0.5951,0.5856,0.2688,-0.0119,328.3,0.79,0.5906,0.2325,-832.2,574.0,01/06/2022
13130.63006,0.5961,0.5866,0.2688,-0.0119,329.6,0.79,0.5916,0.2325,-833.6,574.5,01/06/2022
13162.06956,0.5964,0.5871,0.2688,-0.0119,329.9,0.79,0.592,0.2326,-834.0,574.7,01/06/2022
13193.50906,0.5964,0.5872,0.2692,-0.0121,329.6,0.79,0.5921,0.2326,-834.1,574.7,01/06/2022
13225.08706,0.5954,0.5861,0.2692,-0.0121,328.5,0.79,0.591,0.2327,-832.5,574.3,01/06/2022
13256.52655,0.5956,0.586,0.2693,-0.0121,328.7,0.79,0.591,0.2327,-832.8,574.3,01/06/2022
13287.96605,0.5967,0.5874,0.2694,-0.0121,330.3,0.79,0.5923,0.2328,-834.5,574.9,01/06/2022
13319.54405,0.597,0.5875,0.2693,-0.012,330.2,0.79,0.5925,0.2329,-834.8,575.0,01/06/2022
13350.98355,0.5961,0.5868,0.2695,-0.0122,329.4,0.79,0.5917,0.2328,-833.5,574.6,01/06/2022
13382.42304,0.5961,0.5869,0.2695,-0.012,329.1,0.79,0.5918,0.233,-833.4,574.6,01/06/2022
13414.00104,0.5957,0.5864,0.2696,-0.012,328.6,0.79,0.5913,0.2331,-832.7,574.4,01/06/2022
13445.44054,0.5961,0.587,0.2696,-0.0119,329.0,0.79,0.5918,0.2331,-833.4,574.8,01/06/2022
13476.88004,0.5964,0.5873,0.2696,-0.0119,329.7,0.79,0.5921,0.2331,-833.9,575.0,01/06/2022
13508.45803,0.5971,0.5878,0.2696,-0.012,330.4,0.79,0.5927,0.2331,-834.8,575.3,01/06/2022
13539.89753,0.5967,0.5873,0.2697,-0.0121,329.6,0.79,0.5923,0.2331,-834.0,575.1,01/06/2022
13571.33703,0.5971,0.5877,0.2697,-0.0119,329.8,0.79,0.5927,0.2333,-834.4,575.0,01/06/2022
13602.91503,0.5978,0.5889,0.2698,-0.0119,330.7,0.79,0.5936,0.2333,-835.8,575.4,01/06/2022
13634.35453,0.5967,0.5876,0.2699,-0.012,329.5,0.79,0.5924,0.2334,-834.0,574.9,01/06/2022
13665.93252,0.5966,0.5877,0.2699,-0.012,329.7,0.79,0.5924,0.2334,-834.0,574.9,01/06/2022
13697.37202,0.5962,0.587,0.2701,-0.012,329.1,0.79,0.5918,0.2335,-833.4,574.7,01/06/2022
13728.81152,0.5964,0.5873,0.27,-0.012,329.2,0.79,0.5921,0.2335,-833.5,574.8,01/06/2022
13760.38952,0.5971,0.588,0.2702,-0.0119,330.0,0.79,0.5928,0.2337,-834.5,575.1,01/06/2022
13791.82901,0.5968,0.5877,0.2701,-0.0119,329.5,0.79,0.5925,0.2337,-834.0,575.0,01/06/2022
13823.26851,0.5974,0.5885,0.2701,-0.0119,330.2,0.79,0.5932,0.2337,-834.9,575.3,01/06/2022
13854.84651,0.5974,0.5886,0.2702,-0.0119,330.6,0.79,0.5932,0.2338,-834.9,575.3,01/06/2022
13886.28601,0.5979,0.5889,0.2703,-0.0119,330.9,0.79,0.5937,0.2338,-835.6,575.6,01/06/2022
13917.72551,0.5973,0.5883,0.2703,-0.012,330.4,0.79,0.5931,0.2337,-834.9,575.5,01/06/2022
13949.3035,0.5977,0.5888,0.2703,-0.0119,330.5,0.79,0.5935,0.2339,-835.1,575.6,01/06/2022
13980.743,0.5979,0.5891,0.2705,-0.0119,330.6,0.79,0.5938,0.234,-835.5,575.8,01/06/2022
14012.1825,0.5985,0.5894,0.2705,-0.012,331.3,0.79,0.5942,0.2339,-835.9,576.0,01/06/2022
14043.7605,0.5991,0.59,0.2705,-0.0118,332.0,0.79,0.5948,0.234,-836.6,576.2,01/06/2022
14075.19999,0.5988,0.5899,0.2707,-0.0119,331.7,0.79,0.5946,0.2342,-836.3,576.2,01/06/2022
14106.63949,0.5984,0.5896,0.2706,-0.012,331.1,0.79,0.5942,0.2341,-835.6,576.0,01/06/2022
14138.21749,0.5988,0.5899,0.2709,-0.012,331.1,0.79,0.5946,0.2343,-835.8,576.1,01/06/2022
14169.65699,0.5986,0.5901,0.2709,-0.0119,331.3,0.79,0.5946,0.2344,-835.8,576.2,01/06/2022
14201.09649,0.599,0.5902,0.2709,-0.0119,331.7,0.79,0.5949,0.2344,-836.2,576.4,01/06/2022
14232.67448,0.5999,0.5912,0.2709,-0.0118,332.7,0.79,0.5958,0.2345,-837.5,576.7,01/06/2022
14264.11398,0.5992,0.5903,0.2709,-0.0119,331.9,0.79,0.595,0.2343,-836.4,576.5,01/06/2022
14295.69198,0.5999,0.5913,0.2709,-0.0118,332.4,0.79,0.5958,0.2345,-837.4,576.8,01/06/2022
14327.13148,0.6001,0.5914,0.2709,-0.0118,332.7,0.79,0.596,0.2345,-837.5,576.9,01/06/2022
14358.57097,0.6003,0.5915,0.271,-0.0118,332.6,0.79,0.5961,0.2346,-837.5,576.9,01/06/2022
14390.14897,0.5998,0.5908,0.2711,-0.0121,332.2,0.79,0.5955,0.2344,-836.8,576.7,01/06/2022
14421.58847,0.6001,0.5912,0.2712,-0.0119,332.4,0.79,0.5959,0.2347,-837.0,576.9,01/06/2022
14453.02797,0.6002,0.5913,0.2714,-0.012,332.5,0.79,0.596,0.2348,-837.4,577.0,01/06/2022
14484.60597,0.6003,0.5915,0.2713,-0.012,332.5,0.79,0.5962,0.2347,-837.3,577.0,01/06/2022
14516.04546,0.6008,0.592,0.2715,-0.012,332.9,0.79,0.5967,0.2349,-838.2,577.3,01/06/2022
14547.48496,0.6003,0.5918,0.2715,-0.0119,332.3,0.79,0.5963,0.2349,-837.2,577.1,01/06/2022
14579.06296,0.5999,0.5913,0.2718,-0.0122,332.2,0.79,0.5959,0.2349,-837.0,577.1,01/06/2022
14610.50246,0.6002,0.5913,0.272,-0.0121,332.1,0.79,0.596,0.2352,-836.7,577.0,01/06/2022
14641.94195,0.6013,0.593,0.2721,-0.012,333.5,0.79,0.5974,0.2353,-838.7,577.6,01/06/2022
14673.51995,0.6023,0.5938,0.2722,-0.012,334.3,0.79,0.5983,0.2354,-839.9,578.0,01/06/2022
14704.95945,0.602,0.5934,0.2723,-0.012,333.9,0.79,0.5979,0.2355,-839.3,577.9,01/06/2022
14736.39895,0.6028,0.5944,0.2723,-0.0119,334.6,0.79,0.5989,0.2357,-840.4,578.2,01/06/2022
14767.97694,0.6031,0.5946,0.2724,-0.012,334.9,0.79,0.5991,0.2356,-840.6,578.4,01/06/2022
14799.41644,0.6029,0.5946,0.2725,-0.0119,334.7,0.79,0.599,0.2359,-840.2,578.3,01/06/2022
14830.99444,0.5997,0.5913,0.273,-0.0122,331.2,0.79,0.5958,0.2359,-835.2,576.9,01/06/2022
14862.43394,0.5988,0.5908,0.2729,-0.0122,330.2,0.79,0.595,0.2359,-833.8,576.6,01/06/2022
14893.87344,0.5992,0.5912,0.273,-0.0119,330.4,0.79,0.5954,0.2362,-834.3,576.7,01/06/2022
14925.45143,0.6,0.5921,0.273,-0.012,331.5,0.79,0.5963,0.2363,-835.5,577.1,01/06/2022
14956.89093,0.6023,0.5943,0.2731,-0.0119,333.9,0.79,0.5986,0.2364,-838.6,577.9,01/06/2022
14988.33043,0.6009,0.593,0.2732,-0.0121,332.3,0.79,0.5972,0.2363,-836.6,577.5,01/06/2022
15019.90843,0.6009,0.593,0.2735,-0.012,332.1,0.79,0.5972,0.2367,-836.4,577.5,01/06/2022
15051.34792,0.6022,0.5946,0.2734,-0.0118,333.2,0.79,0.5987,0.2367,-838.0,578.0,01/06/2022
15082.78742,0.6022,0.5945,0.2735,-0.012,333.5,0.79,0.5986,0.2366,-838.1,578.1,01/06/2022
15114.36542,0.6022,0.5943,0.2736,-0.0118,333.1,0.79,0.5985,0.2369,-837.7,578.0,01/06/2022
15145.80492,0.602,0.5942,0.2739,-0.0119,333.1,0.79,0.5983,0.2371,-837.3,578.0,01/06/2022
15177.24442,0.6026,0.5948,0.2738,-0.0119,333.7,0.79,0.5989,0.237,-838.1,578.3,01/06/2022
15208.82241,0.6032,0.5955,0.274,-0.0119,334.0,0.79,0.5996,0.2371,-838.3,578.6,01/06/2022
15240.26191,0.5968,0.5889,0.2736,-0.0116,327.1,0.78,0.5931,0.2372,-823.8,577.7,01/06/2022
15271.70141,0.597,0.5891,0.2736,-0.0115,327.2,0.78,0.5933,0.2372,-823.5,577.8,01/06/2022
15303.27941,0.5984,0.5908,0.2735,-0.0114,328.7,0.79,0.5948,0.2373,-825.3,578.4,01/06/2022
15334.7189,0.5987,0.591,0.2736,-0.0114,329.1,0.79,0.5951,0.2374,-825.6,578.6,01/06/2022
15366.2969,0.5985,0.5908,0.2735,-0.0112,328.7,0.79,0.5949,0.2375,-825.2,578.5,01/06/2022
15397.7364,0.5977,0.5898,0.2736,-0.0112,327.7,0.79,0.594,0.2375,-824.0,578.2,01/06/2022
15429.1759,0.5982,0.5905,0.2736,-0.0112,328.4,0.79,0.5946,0.2376,-824.6,578.5,01/06/2022
15460.7539,0.5985,0.5908,0.2737,-0.0112,328.8,0.79,0.5949,0.2376,-825.1,578.6,01/06/2022
15492.19339,0.5985,0.5907,0.2735,-0.0111,328.4,0.79,0.5948,0.2376,-824.7,578.5,01/06/2022
15523.63289,0.6004,0.593,0.2735,-0.0109,330.7,0.79,0.5969,0.2378,-827.4,579.3,01/06/2022
15555.21089,0.5989,0.5909,0.2737,-0.0109,328.5,0.79,0.5951,0.2379,-824.8,578.5,01/06/2022
15586.65039,0.5985,0.5908,0.2739,-0.0111,328.5,0.79,0.5949,0.2379,-824.8,578.5,01/06/2022
15618.08988,0.599,0.5915,0.2739,-0.0111,328.9,0.79,0.5955,0.2379,-825.4,578.8,01/06/2022
15649.66788,0.5989,0.5912,0.2739,-0.011,328.7,0.79,0.5953,0.2379,-825.1,578.7,01/06/2022
15681.10738,0.5998,0.5922,0.2738,-0.011,329.7,0.79,0.5962,0.2379,-826.2,579.1,01/06/2022
15712.54688,0.5995,0.5922,0.2739,-0.0109,329.6,0.79,0.5961,0.2381,-826.1,579.1,01/06/2022
15744.12488,0.5997,0.5922,0.274,-0.0109,329.5,0.79,0.5962,0.2382,-825.9,579.0,01/06/2022
15775.56437,0.6008,0.5932,0.274,-0.0109,330.5,0.79,0.5973,0.2382,-827.3,579.4,01/06/2022
15807.00387,0.6,0.5926,0.274,-0.0109,329.8,0.79,0.5965,0.2381,-826.4,579.2,01/06/2022
15838.58187,0.6016,0.5941,0.274,-0.0108,331.5,0.79,0.5981,0.2383,-828.3,579.8,01/06/2022
15870.02137,0.601,0.5934,0.2742,-0.0109,330.9,0.79,0.5974,0.2383,-827.4,579.5,01/06/2022
15901.59936,0.6012,0.5938,0.2742,-0.0109,331.1,0.79,0.5977,0.2384,-827.7,579.6,01/06/2022
15933.03886,0.6018,0.5943,0.2742,-0.0108,331.5,0.79,0.5983,0.2384,-828.5,579.8,01/06/2022
15964.47836,0.6012,0.5938,0.2745,-0.011,330.7,0.79,0.5977,0.2385,-827.6,579.6,01/06/2022
15996.05636,0.6014,0.594,0.2744,-0.011,331.0,0.79,0.598,0.2385,-827.8,579.7,01/06/2022
16027.49586,0.6015,0.594,0.2745,-0.011,331.2,0.79,0.598,0.2386,-827.9,579.7,01/06/2022
16058.93535,0.6019,0.5947,0.2744,-0.0109,331.7,0.79,0.5986,0.2386,-828.6,579.9,01/06/2022
16090.51335,0.6033,0.5957,0.2745,-0.0109,332.9,0.79,0.5997,0.2387,-830.1,580.4,01/06/2022
16121.95285,0.6019,0.5945,0.2747,-0.0111,331.3,0.79,0.5984,0.2387,-828.1,579.9,01/06/2022
16153.39235,0.6017,0.5946,0.2748,-0.0111,331.0,0.79,0.5984,0.2388,-828.1,579.8,01/06/2022
16184.97034,0.6026,0.5955,0.2749,-0.011,332.0,0.79,0.5993,0.2388,-829.4,580.2,01/06/2022
16216.40984,0.6033,0.5959,0.275,-0.011,332.5,0.79,0.5998,0.239,-829.7,580.3,01/06/2022
16247.84934,0.6029,0.5954,0.2748,-0.0109,332.1,0.79,0.5994,0.239,-829.2,580.2,01/06/2022
16279.42734,0.6034,0.5964,0.2748,-0.0108,333.0,0.79,0.6001,0.239,-830.3,580.6,01/06/2022
16310.86683,0.6033,0.596,0.2749,-0.0108,332.5,0.79,0.5999,0.2391,-829.9,580.4,01/06/2022
16342.30633,0.6044,0.5973,0.2749,-0.0108,333.8,0.79,0.6011,0.2391,-831.7,581.0,01/06/2022
16373.88433,0.6045,0.5973,0.2751,-0.0109,333.7,0.79,0.6012,0.2392,-831.6,581.0,01/06/2022
16405.32383,0.6033,0.596,0.2753,-0.0109,332.3,0.79,0.5999,0.2394,-829.4,580.4,01/06/2022
16436.90183,0.605,0.598,0.2755,-0.011,334.5,0.79,0.6018,0.2395,-832.2,581.2,01/06/2022
16468.34132,0.6058,0.5987,0.2757,-0.011,335.0,0.79,0.6025,0.2396,-833.3,581.4,01/06/2022
16499.78082,0.6061,0.599,0.2757,-0.0109,335.2,0.79,0.6028,0.2397,-833.8,581.6,01/06/2022
16531.35882,0.6074,0.6004,0.2759,-0.0107,336.1,0.79,0.6042,0.2401,-835.2,582.0,01/06/2022
16562.79832,0.607,0.6001,0.2762,-0.0109,335.9,0.79,0.6038,0.2402,-834.7,581.9,01/06/2022
16594.23781,0.6069,0.5996,0.2763,-0.011,335.9,0.79,0.6035,0.2402,-834.6,582.0,01/06/2022
16625.81581,0.6068,0.5998,0.2765,-0.0109,335.8,0.79,0.6035,0.2405,-834.7,582.1,01/06/2022
16657.25531,0.6078,0.6009,0.2766,-0.0109,336.6,0.8,0.6046,0.2406,-836.2,582.6,01/06/2022
16688.69481,0.608,0.6011,0.2767,-0.0108,336.6,0.8,0.6048,0.2407,-836.1,582.7,01/06/2022
16720.27281,0.6083,0.6014,0.2769,-0.0108,336.8,0.8,0.6051,0.241,-836.6,582.9,01/06/2022
16751.7123,0.6086,0.6016,0.2771,-0.0109,337.2,0.8,0.6053,0.241,-837.0,583.2,01/06/2022
16783.1518,0.6093,0.6024,0.2773,-0.0108,337.9,0.8,0.6061,0.2413,-837.8,583.5,01/06/2022
16814.7298,0.6092,0.6024,0.2774,-0.0109,337.5,0.8,0.606,0.2414,-837.5,583.6,01/06/2022
16846.1693,0.6092,0.6023,0.2776,-0.0109,337.3,0.8,0.606,0.2415,-837.4,583.7,01/06/2022
16877.60879,0.6091,0.6022,0.278,-0.011,337.3,0.8,0.6059,0.2417,-837.3,583.8,01/06/2022
16909.18679,0.6095,0.6025,0.278,-0.0109,337.4,0.8,0.6062,0.2418,-837.6,583.9,01/06/2022
16940.62629,0.6082,0.6013,0.2784,-0.0109,336.3,0.79,0.605,0.2422,-836.2,583.6,01/06/2022
16972.20429,0.6085,0.6016,0.2785,-0.011,336.4,0.8,0.6053,0.2422,-836.5,583.8,01/06/2022
17003.64379,0.6085,0.6018,0.2787,-0.011,336.2,0.8,0.6054,0.2424,-836.5,583.9,01/06/2022
17035.08328,0.6087,0.6021,0.2787,-0.0109,336.5,0.8,0.6056,0.2425,-836.7,584.0,01/06/2022
17066.66128,0.6098,0.6033,0.2788,-0.0109,337.7,0.8,0.6068,0.2426,-838.5,584.5,01/06/2022
17098.10078,0.6094,0.603,0.279,-0.0111,337.3,0.8,0.6065,0.2426,-838.0,584.4,01/06/2022
17129.54028,0.6093,0.603,0.2793,-0.0109,337.2,0.8,0.6064,0.2429,-837.7,584.4,01/06/2022
17161.11827,0.6098,0.6033,0.2793,-0.0109,337.6,0.8,0.6068,0.2431,-838.0,584.5,01/06/2022
17192.55777,0.6102,0.6036,0.2798,-0.0111,337.9,0.8,0.6071,0.2433,-838.9,584.8,01/06/2022
17223.99727,0.6112,0.6048,0.2802,-0.0113,338.6,0.8,0.6082,0.2434,-840.0,585.1,01/06/2022
17255.57527,0.6111,0.6046,0.2807,-0.0114,338.4,0.8,0.6081,0.2437,-839.6,585.2,01/06/2022
17287.01477,0.6107,0.6044,0.2807,-0.0116,338.0,0.8,0.6078,0.2437,-839.1,585.1,01/06/2022
17318.45426,0.6114,0.6049,0.2811,-0.0116,338.6,0.8,0.6084,0.244,-839.9,585.4,01/06/2022
17350.03226,0.611,0.6049,0.2811,-0.0116,338.6,0.8,0.6082,0.244,-839.7,585.5,01/06/2022
17381.47176,0.6106,0.6043,0.2815,-0.0116,337.8,0.8,0.6077,0.2443,-838.7,585.4,01/06/2022
17412.91126,0.6061,0.6004,0.2827,-0.0127,333.1,0.79,0.6035,0.2443,-832.6,583.9,01/06/2022
17444.48925,0.605,0.5992,0.283,-0.0127,331.9,0.79,0.6024,0.2445,-830.9,583.4,01/06/2022
17475.92875,0.6057,0.5998,0.283,-0.0126,332.5,0.79,0.603,0.2447,-831.6,583.7,01/06/2022
17507.50675,0.6055,0.5995,0.283,-0.0126,332.5,0.79,0.6027,0.2446,-831.2,583.6,01/06/2022
17538.94625,0.6045,0.5986,0.2832,-0.0126,331.4,0.79,0.6018,0.2449,-829.8,583.3,01/06/2022
17570.38574,0.6039,0.5981,0.2833,-0.0126,330.7,0.79,0.6013,0.2449,-829.0,583.3,01/06/2022
17601.96374,0.6042,0.5984,0.2835,-0.0127,330.8,0.79,0.6015,0.245,-829.2,583.3,01/06/2022
17633.40324,0.604,0.5982,0.2836,-0.0128,330.9,0.79,0.6013,0.2451,-828.9,583.4,01/06/2022
17664.84274,0.6043,0.5986,0.2837,-0.0126,331.2,0.79,0.6017,0.2453,-829.3,583.4,01/06/2022
17696.42074,0.6032,0.5976,0.2838,-0.0127,330.0,0.79,0.6006,0.2453,-827.8,583.0,01/06/2022
17727.86023,0.6034,0.5979,0.284,-0.0128,330.4,0.79,0.6009,0.2454,-828.2,583.2,01/06/2022
17759.29973,0.6038,0.5984,0.284,-0.0127,330.5,0.79,0.6014,0.2456,-828.7,583.3,01/06/2022
17790.87773,0.604,0.5986,0.2841,-0.0127,330.8,0.79,0.6015,0.2456,-829.1,583.3,01/06/2022
17822.31723,0.6105,0.605,0.2873,-0.0155,336.4,0.8,0.608,0.2457,-837.5,585.7,01/06/2022
17853.75672,0.6105,0.6053,0.2875,-0.0154,336.5,0.8,0.6082,0.246,-837.5,585.8,01/06/2022
17885.33472,0.6105,0.6055,0.2875,-0.0154,336.5,0.8,0.6082,0.2459,-837.6,585.9,01/06/2022
17916.77422,0.6106,0.6052,0.2876,-0.0154,336.1,0.8,0.6081,0.246,-837.3,585.9,01/06/2022
17948.21372,0.6111,0.6058,0.2877,-0.0154,336.6,0.8,0.6087,0.2462,-838.1,586.2,01/06/2022
17979.79172,0.6118,0.6065,0.2877,-0.0155,337.4,0.8,0.6094,0.2461,-839.1,586.5,01/06/2022
18011.23121,0.6116,0.6065,0.288,-0.0154,337.2,0.8,0.6093,0.2464,-838.8,586.6,01/06/2022
18042.80921,0.6121,0.607,0.2882,-0.0154,337.8,0.8,0.6098,0.2466,-839.5,587.0,01/06/2022
18074.24871,0.6128,0.6076,0.2882,-0.0154,338.6,0.8,0.6104,0.2466,-840.5,587.3,01/06/2022
18105.68821,0.6126,0.6077,0.2883,-0.0153,338.0,0.8,0.6104,0.2468,-840.0,587.3,01/06/2022
18137.2662,0.6121,0.6073,0.2883,-0.0153,337.5,0.8,0.6099,0.2468,-839.5,587.3,01/06/2022
18168.7057,0.6125,0.6075,0.2883,-0.0152,337.7,0.8,0.6103,0.247,-839.9,587.4,01/06/2022
18200.1452,0.6136,0.6088,0.2883,-0.0153,339.1,0.8,0.6115,0.2469,-841.4,588.0,01/06/2022
18231.7232,0.6135,0.6086,0.2886,-0.0152,338.8,0.8,0.6113,0.2472,-841.0,588.0,01/06/2022
18263.1627,0.6141,0.6094,0.2886,-0.0151,339.6,0.8,0.612,0.2472,-842.2,588.4,01/06/2022
18294.60219,0.6143,0.6096,0.2886,-0.0152,339.4,0.8,0.6122,0.2472,-842.2,588.6,01/06/2022
18326.18019,0.6152,0.6106,0.2888,-0.0152,340.4,0.8,0.6132,0.2474,-843.4,589.1,01/06/2022
18357.61969,0.6148,0.6102,0.2889,-0.0151,339.9,0.8,0.6128,0.2475,-842.8,589.0,01/06/2022
18389.05919,0.615,0.6101,0.289,-0.0152,340.1,0.8,0.6128,0.2476,-843.0,589.2,01/06/2022
18420.63718,0.6154,0.6107,0.289,-0.0151,340.4,0.8,0.6133,0.2477,-843.3,589.4,01/06/2022
18452.07668,0.6146,0.6099,0.2892,-0.0151,339.3,0.8,0.6125,0.2478,-842.5,589.2,01/06/2022
18483.51618,0.6151,0.6105,0.2893,-0.015,339.8,0.8,0.6131,0.248,-843.0,589.5,01/06/2022
18515.09418,0.6149,0.6101,0.2894,-0.015,339.6,0.8,0.6128,0.2481,-842.7,589.4,01/06/2022
18546.53368,0.6155,0.6109,0.2893,-0.0149,340.2,0.8,0.6135,0.2481,-843.4,589.7,01/06/2022
18577.97317,0.6157,0.6109,0.2895,-0.0148,340.0,0.8,0.6135,0.2484,-843.3,589.7,01/06/2022
18609.55117,0.6169,0.6123,0.2896,-0.0148,341.4,0.8,0.6148,0.2484,-845.2,590.4,01/06/2022
18640.99067,0.6161,0.6116,0.2898,-0.0149,340.6,0.8,0.6141,0.2485,-844.2,590.3,01/06/2022
18672.56867,0.6169,0.6123,0.2899,-0.0149,341.0,0.8,0.6148,0.2486,-845.0,590.6,01/06/2022
18704.00816,0.617,0.6127,0.2901,-0.015,341.2,0.8,0.6151,0.2487,-845.2,590.8,01/06/2022
18735.44766,0.6169,0.6123,0.2902,-0.015,341.2,0.8,0.6149,0.2489,-844.9,590.9,01/06/2022
18767.02566,0.6174,0.6129,0.2904,-0.015,341.7,0.8,0.6154,0.249,-845.5,591.2,01/06/2022
18798.46516,0.6177,0.6133,0.2904,-0.0151,341.9,0.8,0.6158,0.2489,-846.1,591.5,01/06/2022
18829.90465,0.6183,0.6138,0.2905,-0.0149,342.1,0.8,0.6163,0.2492,-846.6,591.9,01/06/2022
18861.48265,0.6182,0.614,0.2905,-0.0148,342.1,0.8,0.6163,0.2493,-846.4,591.9,01/06/2022
18892.92215,0.6183,0.6137,0.2906,-0.0148,342.0,0.8,0.6162,0.2494,-846.2,592.0,01/06/2022
18924.36165,0.6182,0.6136,0.2907,-0.0149,342.1,0.8,0.6162,0.2494,-846.5,592.1,01/06/2022
18955.93965,0.619,0.6148,0.2908,-0.0148,342.7,0.8,0.6172,0.2496,-847.3,592.2,01/06/2022
18987.37914,0.6184,0.6139,0.2907,-0.0148,341.8,0.8,0.6164,0.2496,-846.5,592.0,01/06/2022
19018.81864,0.619,0.6149,0.291,-0.0147,342.3,0.8,0.6172,0.2499,-847.2,592.3,01/06/2022
19050.39664,0.6183,0.6142,0.291,-0.0147,341.9,0.8,0.6165,0.2499,-846.6,592.3,01/06/2022
19081.83614,0.6189,0.6145,0.2911,-0.0146,342.4,0.8,0.617,0.25,-847.1,592.4,01/06/2022
19113.27563,0.619,0.6148,0.2912,-0.0147,342.5,0.8,0.6171,0.25,-847.2,592.6,01/06/2022
19144.85363,0.619,0.6147,0.2914,-0.0146,342.5,0.81,0.6172,0.2503,-847.3,592.8,01/06/2022
19176.29313,0.6202,0.616,0.2914,-0.0146,343.5,0.81,0.6184,0.2503,-848.8,593.3,01/06/2022
19207.87113,0.6195,0.6151,0.2914,-0.0147,342.7,0.81,0.6176,0.2502,-847.8,593.2,01/06/2022
19239.31063,0.6198,0.6156,0.2917,-0.0146,343.0,0.81,0.618,0.2506,-848.3,593.4,01/06/2022
19270.75012,0.6191,0.6152,0.2917,-0.0146,342.5,0.8,0.6174,0.2506,-847.6,593.3,01/06/2022
19302.32812,0.6192,0.6151,0.2917,-0.0146,342.5,0.81,0.6174,0.2506,-847.3,593.4,01/06/2022
19333.76762,0.6197,0.6156,0.2917,-0.0145,342.7,0.81,0.6179,0.2508,-848.0,593.6,01/06/2022
19365.20712,0.6197,0.6159,0.2919,-0.0145,342.8,0.81,0.618,0.2509,-848.2,593.8,01/06/2022
19396.78511,0.6205,0.6164,0.2919,-0.0145,343.4,0.81,0.6187,0.2509,-849.0,594.1,01/06/2022
19428.22461,0.6203,0.6163,0.292,-0.0143,343.3,0.81,0.6185,0.2511,-848.8,594.2,01/06/2022
19459.66411,0.6214,0.6175,0.2921,-0.0143,344.4,0.81,0.6197,0.2513,-850.2,594.7,01/06/2022
19491.24211,0.6211,0.6168,0.2922,-0.0143,343.8,0.81,0.6192,0.2514,-849.5,594.7,01/06/2022
19522.68161,0.6205,0.6163,0.2922,-0.0143,343.2,0.81,0.6186,0.2514,-848.8,594.7,01/06/2022
19554.1211,0.6218,0.6181,0.2923,-0.0142,344.5,0.81,0.6202,0.2516,-850.8,595.3,01/06/2022
19585.6991,0.6215,0.6176,0.2924,-0.0143,344.1,0.81,0.6198,0.2515,-850.2,595.3,01/06/2022
19617.1386,0.6216,0.6176,0.2926,-0.0143,344.4,0.81,0.6198,0.2517,-850.3,595.4,01/06/2022
19648.5781,0.6206,0.6166,0.2928,-0.0143,343.4,0.81,0.6189,0.2518,-849.0,595.2,01/06/2022
19680.15609,0.6209,0.6168,0.2926,-0.0142,343.3,0.81,0.6191,0.2519,-849.1,595.5,01/06/2022
19711.59559,0.6212,0.6172,0.2928,-0.0143,343.7,0.81,0.6195,0.2519,-849.8,595.7,01/06/2022
19743.17359,0.6215,0.6176,0.293,-0.0141,343.6,0.81,0.6198,0.2523,-850.2,596.0,01/06/2022
19774.61309,0.6216,0.6179,0.2931,-0.014,344.0,0.81,0.62,0.2524,-850.5,596.2,01/06/2022
19806.05259,0.6221,0.618,0.2933,-0.014,344.4,0.81,0.6203,0.2526,-850.9,596.4,01/06/2022
19837.63058,0.6228,0.6192,0.2934,-0.0139,345.0,0.81,0.6213,0.2528,-851.8,596.8,01/06/2022
19869.07008,0.6237,0.6201,0.2935,-0.0138,346.0,0.81,0.6222,0.253,-853.1,597.3,01/06/2022
19900.50958,0.6237,0.6202,0.2935,-0.0138,345.8,0.81,0.6222,0.253,-853.1,597.5,01/06/2022
19932.08758,0.6229,0.6193,0.2938,-0.0138,344.9,0.81,0.6213,0.2533,-852.0,597.4,01/06/2022
19963.52707,0.6239,0.6204,0.2939,-0.0138,345.9,0.81,0.6224,0.2534,-853.3,597.9,01/06/2022
19994.96657,0.6226,0.619,0.2939,-0.0138,344.6,0.81,0.6211,0.2535,-851.5,597.6,01/06/2022
20026.54457,0.624,0.6205,0.2943,-0.0137,345.9,0.81,0.6225,0.2538,-853.4,598.2,01/06/2022
20057.98407,0.6244,0.6209,0.2942,-0.0137,346.1,0.81,0.6229,0.2538,-853.8,598.5,01/06/2022
20089.42356,0.6246,0.6213,0.2943,-0.0136,346.2,0.81,0.6232,0.2539,-854.0,598.6,01/06/2022
20121.00156,0.6241,0.6208,0.2944,-0.0136,345.7,0.81,0.6227,0.2541,-853.3,598.6,01/06/2022
20152.44106,0.6243,0.6209,0.2947,-0.0135,346.1,0.81,0.6229,0.2544,-853.6,598.8,01/06/2022
20183.88056,0.6235,0.6203,0.2948,-0.0135,345.0,0.81,0.6222,0.2545,-852.4,598.6,01/06/2022
20215.45856,0.6244,0.6209,0.2948,-0.0134,346.0,0.81,0.6229,0.2546,-853.4,599.0,01/06/2022
20246.89805,0.6248,0.6216,0.2951,-0.0133,346.3,0.81,0.6235,0.255,-854.1,599.3,01/06/2022
20278.47605,0.6256,0.6222,0.2952,-0.0134,346.8,0.81,0.6241,0.255,-855.1,599.8,01/06/2022
20309.91555,0.6242,0.6209,0.2952,-0.0134,345.4,0.81,0.6228,0.255,-853.2,599.4,01/06/2022
20341.35505,0.6259,0.6226,0.2956,-0.0133,347.2,0.81,0.6245,0.2554,-855.5,600.2,01/06/2022
20372.93304,0.6266,0.6236,0.2957,-0.0134,348.1,0.81,0.6253,0.2554,-856.4,600.7,01/06/2022
20404.37254,0.6262,0.6226,0.296,-0.0134,347.1,0.81,0.6246,0.2557,-855.4,600.6,01/06/2022
20435.81204,0.6263,0.6232,0.2964,-0.0133,347.3,0.81,0.625,0.2561,-856.0,601.0,01/06/2022
20467.39004,0.626,0.6228,0.2964,-0.0133,346.7,0.81,0.6247,0.2562,-855.4,601.0,01/06/2022
20498.82954,0.6259,0.6228,0.2966,-0.0135,347.0,0.81,0.6246,0.2562,-855.4,601.2,01/06/2022
20530.26903,0.6266,0.6234,0.297,-0.0133,347.6,0.81,0.6253,0.2567,-856.0,601.5,01/06/2022
20561.84703,0.6241,0.6208,0.2969,-0.013,344.8,0.81,0.6227,0.2569,-851.7,603.9,01/06/2022
20593.28653,0.6253,0.6222,0.2969,-0.013,346.0,0.81,0.624,0.2569,-854.0,604.8,01/06/2022
20624.72603,0.6258,0.6226,0.2971,-0.013,346.3,0.81,0.6245,0.2572,-854.8,605.1,01/06/2022
20656.30402,0.6263,0.6234,0.2973,-0.013,347.1,0.81,0.6251,0.2573,-855.7,605.6,01/06/2022
20687.74352,0.6266,0.6234,0.2976,-0.013,347.3,0.81,0.6252,0.2576,-856.2,606.0,01/06/2022
20719.18302,0.627,0.6237,0.2979,-0.0129,347.3,0.81,0.6256,0.258,-856.4,606.2,01/06/2022
20750.76102,0.6275,0.6246,0.2982,-0.0132,348.2,0.81,0.6263,0.2579,-857.8,606.8,01/06/2022
20782.20052,0.6264,0.6232,0.2986,-0.0133,346.7,0.81,0.625,0.2582,-856.0,606.4,01/06/2022
20813.77851,0.6268,0.6239,0.2987,-0.0132,347.1,0.81,0.6256,0.2584,-856.7,606.8,01/06/2022
20845.21801,0.6276,0.6244,0.2991,-0.0133,347.7,0.81,0.6262,0.2586,-858.2,607.8,01/06/2022
20876.65751,0.6275,0.6245,0.2992,-0.0132,347.7,0.81,0.6263,0.2588,-858.5,608.5,01/06/2022
20908.23551,0.6273,0.6244,0.2995,-0.0132,347.7,0.81,0.6261,0.2591,-858.3,608.9,01/06/2022
20939.675,0.627,0.6242,0.2999,-0.0132,347.0,0.81,0.6259,0.2594,-857.8,609.0,01/06/2022
20971.1145,0.6277,0.6249,0.2999,-0.0132,347.5,0.81,0.6266,0.2595,-858.7,609.5,01/06/2022
21002.6925,0.628,0.6251,0.3002,-0.0132,347.9,0.81,0.6268,0.2597,-858.9,609.8,01/06/2022
21034.132,0.6283,0.6254,0.3004,-0.0133,348.2,0.82,0.6271,0.2598,-859.5,610.2,01/06/2022
21065.5715,0.6286,0.626,0.3007,-0.0132,348.6,0.82,0.6275,0.2601,-860.3,610.8,01/06/2022
21097.14949,0.6286,0.6259,0.301,-0.0134,348.5,0.82,0.6275,0.2603,-860.2,611.0,01/06/2022
21128.58899,0.6289,0.6259,0.3013,-0.0133,348.2,0.82,0.6276,0.2606,-860.3,611.4,01/06/2022
21160.02849,0.6286,0.6258,0.3016,-0.0134,347.9,0.82,0.6275,0.2608,-860.1,611.8,01/06/2022
21191.60649,0.6294,0.6267,0.3018,-0.0135,348.8,0.82,0.6283,0.2609,-861.2,612.5,01/06/2022
21223.04598,0.629,0.6263,0.302,-0.0134,348.5,0.82,0.6279,0.2612,-860.7,612.6,01/06/2022
21254.48548,0.6297,0.627,0.3022,-0.0133,349.1,0.82,0.6286,0.2614,-861.6,613.2,01/06/2022
21286.06348,0.6295,0.6266,0.3023,-0.0133,348.7,0.82,0.6283,0.2615,-861.1,613.4,01/06/2022
21317.50298,0.6301,0.6277,0.3026,-0.0133,349.2,0.82,0.6292,0.2618,-862.2,614.2,01/06/2022
21349.08097,0.6299,0.6272,0.3029,-0.0135,348.9,0.82,0.6288,0.2619,-862.1,614.8,01/06/2022
21380.52047,0.6302,0.6276,0.3033,-0.0133,349.2,0.82,0.6292,0.2624,-862.4,615.7,01/06/2022
21411.95997,0.6303,0.6278,0.3034,-0.0133,349.0,0.82,0.6293,0.2625,-862.3,616.4,01/06/2022
21443.53797,0.6307,0.6281,0.3036,-0.0134,349.7,0.82,0.6296,0.2627,-863.1,617.4,01/06/2022
21474.97747,0.6313,0.6287,0.3039,-0.0134,350.0,0.82,0.6302,0.2629,-863.9,618.4,01/06/2022
21506.41696,0.6314,0.629,0.3041,-0.0133,349.9,0.82,0.6304,0.2632,-864.2,619.3,01/06/2022
21537.99496,0.6309,0.6284,0.3044,-0.0134,349.5,0.82,0.6299,0.2633,-863.7,619.7,01/06/2022
21569.43446,0.6318,0.6292,0.3047,-0.0133,350.1,0.82,0.6307,0.2636,-864.6,620.7,01/06/2022
21600.87396,0.6318,0.6295,0.3047,-0.0134,350.2,0.82,0.6309,0.2636,-864.9,621.5,01/06/2022
21632.45195,0.6318,0.6296,0.305,-0.0133,350.3,0.82,0.6309,0.2639,-865.2,622.3,01/06/2022
21663.89145,0.6327,0.6304,0.3052,-0.0133,350.9,0.82,0.6318,0.2642,-866.3,623.5,01/06/2022
21695.33095,0.6325,0.6301,0.3055,-0.0134,350.3,0.82,0.6316,0.2644,-865.9,624.2,01/06/2022
21726.90895,0.6319,0.6295,0.3062,-0.0137,349.9,0.82,0.631,0.2646,-866.0,625.4,01/06/2022
21758.34845,0.6315,0.6293,0.3064,-0.0139,349.6,0.82,0.6307,0.2646,-865.5,625.8,01/06/2022
21789.78794,0.6319,0.6296,0.3065,-0.0138,350.0,0.82,0.631,0.2648,-866.1,626.8,01/06/2022
21821.36594,0.6311,0.6288,0.3069,-0.0137,348.5,0.82,0.6302,0.2653,-864.5,627.2,01/06/2022
21852.80544,0.6323,0.6302,0.307,-0.0138,349.8,0.82,0.6315,0.2652,-866.7,628.8,01/06/2022
21884.38344,0.6326,0.6307,0.3073,-0.0136,350.1,0.82,0.6319,0.2658,-867.1,629.6,01/06/2022
21915.82293,0.6328,0.6306,0.3074,-0.0137,350.0,0.82,0.632,0.2657,-867.4,630.7,01/06/2022
21947.26243,0.6327,0.6305,0.3077,-0.0137,350.2,0.82,0.6319,0.266,-867.4,631.6,01/06/2022
21978.84043,0.6327,0.6307,0.3083,-0.0139,350.0,0.82,0.6319,0.2664,-867.6,633.0,01/06/2022
22010.27993,0.6332,0.6315,0.3084,-0.0139,350.6,0.82,0.6326,0.2665,-868.6,634.1,01/06/2022
22041.71943,0.6325,0.6306,0.3088,-0.0141,349.6,0.82,0.6318,0.2667,-867.3,634.3,01/06/2022
22073.29742,0.6339,0.6322,0.3088,-0.0139,351.2,0.82,0.6333,0.2668,-869.8,636.0,01/06/2022
22104.73692,0.634,0.6319,0.3089,-0.014,350.9,0.82,0.6332,0.2668,-869.4,637.0,01/06/2022
22136.17642,0.6331,0.6311,0.309,-0.0139,350.1,0.82,0.6324,0.2669,-868.4,637.4,01/06/2022
22167.75442,0.6336,0.6317,0.3093,-0.0139,350.4,0.82,0.6329,0.2672,-868.9,638.4,01/06/2022
22199.19391,0.6341,0.6323,0.3094,-0.0138,351.0,0.82,0.6335,0.2674,-869.8,639.5,01/06/2022
22230.63341,0.6347,0.6327,0.3095,-0.0138,351.1,0.82,0.6339,0.2676,-870.2,640.5,01/06/2022
22262.21141,0.6346,0.6327,0.3097,-0.0139,351.3,0.82,0.6339,0.2677,-870.5,641.4,01/06/2022
22293.65091,0.6341,0.6323,0.3099,-0.0139,350.8,0.82,0.6335,0.2679,-869.9,642.2,01/06/2022
22325.09041,0.6343,0.6325,0.3102,-0.0139,351.0,0.82,0.6336,0.2681,-870.3,642.9,01/06/2022
22356.6684,0.6342,0.6324,0.3103,-0.014,350.6,0.82,0.6336,0.2681,-870.2,643.8,01/06/2022
22388.1079,0.6354,0.6336,0.3105,-0.0139,351.7,0.82,0.6347,0.2684,-871.8,645.1,01/06/2022
22419.6859,0.6347,0.6327,0.3105,-0.0139,350.8,0.82,0.634,0.2683,-870.7,645.5,01/06/2022
22451.1254,0.6352,0.6336,0.3107,-0.0139,351.6,0.82,0.6347,0.2686,-871.6,646.6,01/06/2022
22482.56489,0.6355,0.6336,0.311,-0.0139,351.7,0.82,0.6348,0.2688,-871.8,647.4,01/06/2022
22514.14289,0.6354,0.6337,0.3111,-0.0139,351.3,0.82,0.6348,0.2689,-871.8,648.2,01/06/2022
22545.58239,0.6349,0.6333,0.3114,-0.014,350.9,0.82,0.6343,0.2691,-871.6,649.1,01/06/2022
22577.02189,0.6341,0.6324,0.3116,-0.014,350.2,0.82,0.6335,0.2692,-870.4,649.3,01/06/2022
22608.59988,0.635,0.6334,0.3118,-0.014,350.8,0.82,0.6344,0.2694,-871.6,650.5,01/06/2022
22640.03938,0.6355,0.6342,0.3119,-0.0141,351.5,0.82,0.6351,0.2695,-872.3,651.6,01/06/2022
22671.47888,0.6345,0.633,0.3121,-0.014,350.6,0.82,0.634,0.2697,-871.2,652.1,01/06/2022
22703.05688,0.6332,0.6319,0.3121,-0.0138,349.0,0.82,0.6328,0.2699,-871.5,652.3,01/06/2022
22734.49638,0.6339,0.6325,0.3122,-0.0139,349.7,0.82,0.6335,0.27,-872.7,653.6,01/06/2022
22765.93587,0.634,0.6326,0.3124,-0.0139,349.7,0.82,0.6335,0.2701,-872.5,654.5,01/06/2022
22797.51387,0.6334,0.6321,0.3126,-0.0138,349.2,0.82,0.633,0.2704,-871.6,654.9,01/06/2022
22828.95337,0.6348,0.6336,0.3126,-0.0137,350.6,0.82,0.6345,0.2704,-873.5,656.3,01/06/2022
22860.39287,0.6357,0.6344,0.3128,-0.0136,351.3,0.82,0.6353,0.2708,-874.5,657.6,01/06/2022
22891.97086,0.6321,0.6307,0.3131,-0.0138,347.4,0.82,0.6317,0.2708,-869.1,657.2,01/06/2022
22923.41036,0.6331,0.6319,0.3132,-0.0138,348.6,0.82,0.6327,0.2709,-870.1,658.3,01/06/2022
22954.98836,0.6324,0.6311,0.3134,-0.0138,347.6,0.82,0.632,0.2711,-868.8,658.6,01/06/2022
22986.42786,0.6269,0.6257,0.3134,-0.0135,342.4,0.81,0.6266,0.2714,-861.2,657.5,01/06/2022
23017.86736,0.6225,0.6213,0.3134,-0.0135,338.1,0.81,0.6221,0.2714,-854.8,656.5,01/06/2022
23049.44535,0.6234,0.6224,0.3136,-0.0135,339.1,0.81,0.6231,0.2716,-856.0,657.3,01/06/2022
23080.88485,0.6222,0.6213,0.3135,-0.0136,337.7,0.81,0.622,0.2715,-854.4,657.0,01/06/2022
23112.32435,0.622,0.6209,0.3136,-0.0136,337.6,0.81,0.6217,0.2715,-853.9,657.1,01/06/2022
23143.90235,0.6228,0.6217,0.3137,-0.0136,338.5,0.81,0.6225,0.2716,-855.0,657.8,01/06/2022
23175.34184,0.6234,0.6223,0.3138,-0.0134,339.0,0.81,0.6231,0.2719,-855.5,658.1,01/06/2022
23206.78134,0.6224,0.6212,0.3138,-0.0135,337.9,0.81,0.6221,0.2718,-854.1,657.8,01/06/2022
23238.35934,0.6234,0.6225,0.314,-0.0134,338.9,0.81,0.6232,0.2721,-855.6,658.5,01/06/2022
23269.79884,0.6244,0.6232,0.314,-0.0134,339.9,0.81,0.6241,0.272,-856.9,659.2,01/06/2022
23301.23834,0.6238,0.6226,0.3142,-0.0133,339.3,0.81,0.6235,0.2723,-855.8,659.0,01/06/2022
23332.81633,0.6241,0.6232,0.314,-0.0133,339.6,0.81,0.6239,0.2722,-856.1,659.4,01/06/2022
23364.25583,0.6249,0.6239,0.314,-0.0132,340.6,0.81,0.6247,0.2723,-857.2,660.0,01/06/2022
23395.69533,0.6252,0.6243,0.3141,-0.0132,341.0,0.81,0.625,0.2724,-857.6,660.4,01/06/2022
23427.27333,0.6247,0.624,0.3142,-0.0131,340.3,0.81,0.6246,0.2725,-856.9,660.3,01/06/2022
23458.71282,0.6252,0.6241,0.3144,-0.0131,340.5,0.81,0.6249,0.2727,-857.4,660.8,01/06/2022
23490.15232,0.6259,0.6248,0.3145,-0.0131,341.2,0.81,0.6256,0.2728,-858.2,661.4,01/06/2022
23521.73032,0.6258,0.625,0.3144,-0.013,341.4,0.81,0.6256,0.2728,-858.2,661.7,01/06/2022
23553.16982,0.6264,0.6257,0.3147,-0.013,342.1,0.81,0.6263,0.273,-859.1,662.4,01/06/2022
23584.74782,0.6257,0.6248,0.3151,-0.0132,341.0,0.81,0.6255,0.2732,-857.7,662.2,01/06/2022
23616.18731,0.6261,0.6253,0.3152,-0.0135,341.5,0.81,0.6259,0.2731,-858.5,662.7,01/06/2022
23647.62681,0.6265,0.6256,0.3152,-0.0134,341.9,0.81,0.6263,0.2731,-858.8,663.3,01/06/2022
23679.20481,0.6261,0.6255,0.3155,-0.0136,341.7,0.81,0.626,0.2732,-858.4,663.6,01/06/2022
23710.64431,0.6269,0.6261,0.3156,-0.0134,342.4,0.81,0.6268,0.2735,-859.1,664.2,01/06/2022
23742.0838,0.6263,0.6251,0.3155,-0.0134,341.5,0.81,0.626,0.2734,-858.0,664.1,01/06/2022
23773.6618,0.6273,0.6264,0.3157,-0.0133,342.6,0.81,0.6271,0.2737,-859.4,664.9,01/06/2022
23805.1013,0.627,0.6261,0.3158,-0.0133,342.2,0.81,0.6268,0.2738,-859.0,665.1,01/06/2022
23836.5408,0.6276,0.6265,0.3158,-0.0132,342.6,0.81,0.6273,0.2739,-859.4,665.5,01/06/2022
23868.11879,0.6276,0.6268,0.3159,-0.0132,343.1,0.81,0.6275,0.274,-859.5,666.0,01/06/2022
23899.55829,0.628,0.6271,0.316,-0.0132,343.3,0.81,0.6278,0.2741,-859.6,666.4,01/06/2022
23930.99779,0.6275,0.6268,0.316,-0.0132,342.7,0.81,0.6274,0.2741,-858.7,666.6,01/06/2022
23962.57579,0.6144,0.6135,0.3156,-0.0125,328.6,0.79,0.6142,0.2744,-825.5,664.2,01/06/2022
23994.01529,0.6149,0.614,0.3157,-0.0125,329.1,0.8,0.6147,0.2744,-824.8,664.9,01/06/2022
24025.45478,0.6136,0.6129,0.3155,-0.0124,328.1,0.79,0.6135,0.2745,-822.6,664.6,01/06/2022
24057.03278,0.6142,0.6137,0.3157,-0.0124,329.0,0.79,0.6142,0.2746,-823.3,665.0,01/06/2022
24088.47228,0.6137,0.613,0.3155,-0.0124,328.4,0.79,0.6136,0.2744,-822.3,664.8,01/06/2022
24120.05028,0.6132,0.6128,0.3156,-0.0124,327.9,0.79,0.6133,0.2745,-821.6,664.8,01/06/2022
24151.48977,0.613,0.6125,0.3157,-0.0123,327.7,0.79,0.613,0.2747,-821.0,664.7,01/06/2022
24182.92927,0.614,0.6134,0.3157,-0.0123,328.6,0.79,0.614,0.2747,-822.2,665.3,01/06/2022
24214.50727,0.6141,0.6136,0.3157,-0.0122,328.9,0.79,0.6141,0.2747,-822.0,665.5,01/06/2022
24245.94677,0.6148,0.6144,0.3158,-0.0123,329.6,0.8,0.6148,0.2748,-822.6,665.9,01/06/2022
24277.38627,0.6143,0.614,0.3159,-0.0123,329.2,0.79,0.6144,0.2749,-821.9,665.9,01/06/2022
24308.96426,0.6143,0.6137,0.3158,-0.0123,328.9,0.79,0.6143,0.2749,-821.5,665.9,01/06/2022
24340.40376,0.6146,0.6142,0.3159,-0.0121,329.2,0.79,0.6146,0.275,-821.7,666.1,01/06/2022
24371.84326,0.6149,0.6144,0.3159,-0.0121,329.4,0.79,0.6149,0.275,-821.8,666.4,01/06/2022
24403.42126,0.6152,0.6148,0.3159,-0.0121,330.0,0.8,0.6152,0.275,-822.1,666.5,01/06/2022
24434.86075,0.6155,0.6151,0.3159,-0.0121,330.2,0.8,0.6156,0.2752,-822.5,666.7,01/06/2022
24466.30025,0.6158,0.6153,0.3161,-0.012,330.3,0.8,0.6158,0.2754,-822.6,666.8,01/06/2022
24497.87825,0.6158,0.6153,0.3161,-0.012,330.2,0.8,0.6158,0.2754,-822.7,666.9,01/06/2022
24529.31775,0.6163,0.6157,0.3161,-0.0119,330.6,0.8,0.6162,0.2754,-823.2,667.2,01/06/2022
24560.75725,0.6169,0.6164,0.3162,-0.0117,331.4,0.8,0.6169,0.2758,-824.0,667.2,01/06/2022
24592.33524,0.617,0.6165,0.3163,-0.0118,331.8,0.8,0.617,0.2757,-824.0,667.4,01/06/2022
24623.77474,0.6178,0.6172,0.3163,-0.0116,332.5,0.8,0.6177,0.2759,-824.7,667.8,01/06/2022
24655.35274,0.618,0.6178,0.3163,-0.0117,332.4,0.8,0.6182,0.2759,-825.0,668.1,01/06/2022
24686.79224,0.6202,0.6197,0.3162,-0.0114,334.4,0.8,0.6202,0.2761,-827.8,669.1,01/06/2022
24718.23173,0.6195,0.6194,0.3164,-0.0115,334.2,0.8,0.6197,0.2761,-826.9,669.1,01/06/2022
24749.80973,0.621,0.6207,0.3166,-0.0115,335.8,0.8,0.6211,0.2763,-828.9,670.0,01/06/2022
24781.24923,0.6197,0.6193,0.3167,-0.0116,334.4,0.8,0.6197,0.2763,-826.9,669.5,01/06/2022
24812.68873,0.6194,0.6192,0.3168,-0.0115,333.8,0.8,0.6196,0.2765,-826.1,669.3,01/06/2022
24844.26673,0.6198,0.6196,0.317,-0.0115,334.0,0.8,0.6199,0.2767,-826.5,669.5,01/06/2022
24875.70622,0.6197,0.6195,0.3171,-0.0116,334.0,0.8,0.6199,0.2767,-826.5,669.7,01/06/2022
24907.14572,0.6206,0.6203,0.3172,-0.0115,335.1,0.8,0.6207,0.2769,-827.5,670.1,01/06/2022
24938.72372,0.622,0.6214,0.3173,-0.0115,336.3,0.8,0.622,0.277,-829.1,670.9,01/06/2022
24970.16322,0.6215,0.621,0.3176,-0.0115,335.7,0.8,0.6215,0.2772,-828.2,670.8,01/06/2022
25001.60271,0.6224,0.622,0.3179,-0.0117,336.7,0.8,0.6225,0.2772,-829.7,671.6,01/06/2022
25033.18071,0.6231,0.6232,0.3182,-0.0116,337.4,0.81,0.6234,0.2776,-830.6,672.0,01/06/2022
25064.62021,0.623,0.6226,0.3184,-0.0117,337.0,0.81,0.6231,0.2778,-830.1,672.1,01/06/2022
25096.05971,0.6238,0.6237,0.3186,-0.0117,338.1,0.81,0.624,0.2779,-831.2,672.6,01/06/2022
25127.6377,0.6238,0.6236,0.3188,-0.0116,337.9,0.81,0.624,0.2783,-831.0,672.6,01/06/2022
25159.0772,0.6245,0.6243,0.319,-0.0115,338.5,0.81,0.6247,0.2785,-831.7,673.0,01/06/2022
25190.6552,0.6248,0.6247,0.3191,-0.0116,338.9,0.81,0.625,0.2785,-832.4,673.3,01/06/2022
25222.0947,0.6257,0.6253,0.3194,-0.0115,339.4,0.81,0.6257,0.2789,-832.9,673.7,01/06/2022
25253.5342,0.6259,0.6256,0.3197,-0.0115,339.5,0.81,0.626,0.2791,-833.0,673.8,01/06/2022
25285.11219,0.6263,0.6259,0.3199,-0.0116,340.0,0.81,0.6264,0.2793,-833.5,674.2,01/06/2022
25316.55169,0.6261,0.6258,0.3202,-0.0117,339.7,0.81,0.6262,0.2794,-832.9,674.2,01/06/2022
25347.99119,0.6263,0.6259,0.3204,-0.0115,339.9,0.81,0.6263,0.2798,-833.1,674.5,01/06/2022
25379.56919,0.6267,0.6266,0.3206,-0.0116,340.2,0.81,0.6269,0.2799,-833.8,675.0,01/06/2022
25411.00868,0.6273,0.6272,0.3209,-0.0115,340.6,0.81,0.6275,0.2802,-834.2,675.2,01/06/2022
25442.44818,0.6264,0.626,0.3211,-0.0116,340.0,0.81,0.6265,0.2803,-833.2,675.1,01/06/2022
25474.02618,0.6142,0.6141,0.3213,-0.0115,327.9,0.79,0.6144,0.2806,-816.7,671.9,01/06/2022
25505.46568,0.6146,0.6143,0.3212,-0.0113,328.2,0.79,0.6147,0.2807,-816.9,672.1,01/06/2022
25536.90518,0.6148,0.6148,0.3214,-0.0112,328.4,0.79,0.615,0.281,-817.3,672.2,01/06/2022
25568.48317,0.6154,0.6151,0.3214,-0.011,328.8,0.79,0.6155,0.2811,-817.3,672.0,01/06/2022
25599.92267,0.6154,0.6153,0.3214,-0.0109,328.9,0.8,0.6156,0.2813,-816.7,670.9,01/06/2022
25631.36217,0.6151,0.6152,0.3215,-0.0107,328.8,0.79,0.6154,0.2816,-815.7,670.0,01/06/2022
25662.94017,0.6154,0.6154,0.3215,-0.0106,329.1,0.8,0.6157,0.2817,-815.5,669.8,01/06/2022
25694.37966,0.6162,0.6159,0.3217,-0.0105,329.6,0.8,0.6163,0.282,-815.9,669.8,01/06/2022
25725.95766,0.6179,0.6178,0.3218,-0.0103,331.3,0.8,0.6181,0.2822,-818.1,670.6,01/06/2022
25757.39716,0.6178,0.6179,0.3219,-0.0103,331.4,0.8,0.6181,0.2824,-817.7,670.5,01/06/2022
25788.83666,0.6192,0.6191,0.3222,-0.0102,332.6,0.8,0.6194,0.2827,-819.2,670.9,01/06/2022
25820.41466,0.6188,0.6185,0.3224,-0.0102,332.3,0.8,0.6189,0.2829,-818.3,670.7,01/06/2022
25851.85415,0.6193,0.6194,0.3228,-0.0104,332.7,0.8,0.6196,0.2831,-818.9,670.9,01/06/2022
25883.29365,0.6204,0.6205,0.3229,-0.0102,333.8,0.8,0.6207,0.2833,-820.0,671.3,01/06/2022
25914.87165,0.6206,0.6205,0.3231,-0.0104,333.8,0.8,0.6208,0.2833,-819.9,671.3,01/06/2022
25946.31115,0.621,0.6209,0.3233,-0.0102,334.3,0.8,0.6212,0.2837,-820.2,671.5,01/06/2022
25977.75064,0.6212,0.6212,0.3236,-0.0103,334.6,0.8,0.6215,0.2839,-820.2,671.6,01/06/2022
26009.32864,0.6214,0.6216,0.3237,-0.0102,334.9,0.8,0.6218,0.2841,-820.2,671.7,01/06/2022
26040.76814,0.6223,0.6224,0.324,-0.0102,335.8,0.8,0.6226,0.2844,-821.3,672.1,01/06/2022
26072.20764,0.6224,0.6225,0.3242,-0.0102,335.5,0.8,0.6227,0.2845,-821.1,672.0,01/06/2022
26103.78564,0.6236,0.6238,0.3243,-0.0103,336.9,0.81,0.6239,0.2845,-822.4,672.6,01/06/2022
26135.22513,0.6236,0.6239,0.3246,-0.0101,336.8,0.81,0.624,0.285,-822.0,672.5,01/06/2022
26166.66463,0.6239,0.624,0.3249,-0.0103,337.1,0.81,0.6242,0.285,-822.0,672.6,01/06/2022
26198.24263,0.6242,0.6244,0.3251,-0.0102,337.3,0.81,0.6245,0.2854,-822.0,672.6,01/06/2022
26229.68213,0.6248,0.6251,0.3252,-0.0102,337.9,0.81,0.6252,0.2855,-822.6,673.0,01/06/2022
26261.26012,0.6251,0.6254,0.3254,-0.0102,338.0,0.81,0.6255,0.2857,-822.8,673.1,01/06/2022
26292.69962,0.6247,0.625,0.3257,-0.0102,337.7,0.81,0.6251,0.2859,-822.1,673.1,01/06/2022
26324.13912,0.6253,0.6254,0.326,-0.0101,338.1,0.81,0.6256,0.2862,-822.4,673.2,01/06/2022
26355.71712,0.6261,0.6264,0.3263,-0.0102,339.1,0.81,0.6265,0.2864,-823.2,673.6,01/06/2022
26387.15661,0.6258,0.626,0.3263,-0.0102,338.7,0.81,0.6261,0.2864,-822.5,673.7,01/06/2022
26418.59611,0.6263,0.6265,0.3267,-0.0101,338.8,0.81,0.6267,0.2869,-822.6,673.9,01/06/2022
26450.17411,0.6269,0.6271,0.3271,-0.0102,339.5,0.81,0.6272,0.2871,-823.2,674.2,01/06/2022
26481.61361,0.6276,0.6281,0.3272,-0.0101,340.3,0.81,0.6281,0.2873,-824.1,674.7,01/06/2022
26513.05311,0.6275,0.6277,0.3276,-0.0103,340.1,0.81,0.6278,0.2875,-823.4,674.7,01/06/2022
26544.6311,0.6269,0.6272,0.3279,-0.0104,339.4,0.81,0.6273,0.2877,-822.3,674.7,01/06/2022
26576.0706,0.6276,0.6279,0.3282,-0.0104,340.0,0.81,0.628,0.288,-822.8,675.2,01/06/2022
26607.5101,0.6288,0.629,0.3282,-0.0104,341.0,0.81,0.6292,0.288,-823.9,676.0,01/06/2022
26639.0881,0.6286,0.6288,0.3288,-0.0106,340.7,0.81,0.6289,0.2883,-823.3,676.2,01/06/2022
26670.52759,0.6285,0.6289,0.329,-0.0107,340.8,0.81,0.6289,0.2884,-822.8,676.5,01/06/2022
26701.96709,0.6293,0.6296,0.3293,-0.0106,341.5,0.81,0.6297,0.2887,-823.3,677.0,01/06/2022
26733.54509,0.6294,0.6298,0.3295,-0.0106,341.6,0.81,0.6299,0.289,-823.1,677.5,01/06/2022
26764.98459,0.6296,0.6303,0.3297,-0.0106,341.7,0.81,0.6302,0.2891,-823.3,677.9,01/06/2022
26796.56259,0.6299,0.6304,0.3299,-0.0107,341.7,0.81,0.6304,0.2892,-823.2,678.2,01/06/2022
26828.00208,0.6304,0.631,0.3302,-0.0106,342.2,0.81,0.631,0.2896,-823.4,678.7,01/06/2022
26859.44158,0.6306,0.6313,0.3305,-0.0107,342.3,0.81,0.6312,0.2898,-823.4,679.2,01/06/2022
26891.01958,0.6301,0.6305,0.3307,-0.0108,341.8,0.81,0.6305,0.2899,-821.0,680.3,01/06/2022
26922.45908,0.6301,0.6306,0.331,-0.0108,341.8,0.81,0.6306,0.2901,-818.9,682.2,01/06/2022
26953.89857,0.6316,0.632,0.3313,-0.0107,343.0,0.81,0.632,0.2905,-820.4,684.0,01/06/2022
26985.47657,0.6315,0.6321,0.3316,-0.0108,342.7,0.81,0.6321,0.2906,-819.9,684.7,01/06/2022
27016.91607,0.6305,0.6309,0.3318,-0.0109,341.7,0.81,0.6309,0.2907,-818.2,684.7,01/06/2022
27048.35557,0.6311,0.6317,0.332,-0.0107,342.4,0.81,0.6317,0.2911,-818.9,685.4,01/06/2022
27079.93357,0.6317,0.632,0.3322,-0.0108,342.8,0.81,0.6321,0.2913,-819.3,686.0,01/06/2022
27111.37306,0.6315,0.6319,0.3324,-0.0109,342.8,0.81,0.632,0.2913,-819.1,686.5,01/06/2022
27142.81256,0.6322,0.6325,0.3329,-0.0108,342.8,0.81,0.6326,0.2918,-819.3,687.0,01/06/2022
27174.39056,0.6327,0.6333,0.3333,-0.0109,343.5,0.81,0.6333,0.292,-820.2,687.7,01/06/2022
27205.83006,0.6317,0.6325,0.3336,-0.011,342.4,0.81,0.6324,0.2923,-819.0,687.9,01/06/2022
27237.26955,0.6324,0.633,0.334,-0.011,343.2,0.81,0.6329,0.2926,-819.9,688.6,01/06/2022
27268.84755,0.6327,0.6333,0.3342,-0.0111,343.6,0.81,0.6333,0.2927,-820.2,689.2,01/06/2022
27300.28705,0.6333,0.6339,0.3346,-0.0112,343.9,0.81,0.6339,0.293,-820.6,689.9,01/06/2022
27331.86505,0.6331,0.6337,0.335,-0.0113,343.3,0.81,0.6337,0.2933,-820.0,690.3,01/06/2022
27363.30455,0.6343,0.635,0.3355,-0.0114,344.5,0.81,0.6349,0.2936,-821.5,691.3,01/06/2022
27394.74404,0.6345,0.6353,0.3358,-0.0115,344.6,0.82,0.6351,0.2938,-821.4,691.9,01/06/2022
27426.32204,0.6346,0.6354,0.3362,-0.0115,344.7,0.82,0.6353,0.2942,-821.3,692.4,01/06/2022
27457.76154,0.6348,0.6356,0.3365,-0.0114,344.9,0.82,0.6355,0.2945,-821.5,693.0,01/06/2022
27489.20104,0.6349,0.6354,0.3368,-0.0115,344.5,0.82,0.6354,0.2947,-821.0,693.4,01/06/2022
27520.77903,0.6355,0.6361,0.337,-0.0116,345.0,0.82,0.636,0.2948,-821.7,694.3,01/06/2022
27552.21853,0.6363,0.6372,0.3375,-0.0116,346.0,0.82,0.637,0.2952,-822.1,697.3,01/06/2022
27583.65803,0.6354,0.6361,0.3379,-0.0118,344.8,0.82,0.636,0.2954,-821.0,698.1,01/06/2022
27615.23603,0.6352,0.636,0.3381,-0.0119,344.7,0.82,0.6359,0.2955,-821.0,699.2,01/06/2022
27646.67552,0.6352,0.636,0.3386,-0.0117,344.4,0.82,0.6359,0.296,-821.0,700.2,01/06/2022
27678.11502,0.6364,0.6374,0.3387,-0.0117,345.5,0.82,0.6372,0.2962,-822.8,701.8,01/06/2022
27709.69302,0.6362,0.637,0.339,-0.0118,345.3,0.82,0.6368,0.2964,-822.5,703.0,01/06/2022
27741.13252,0.6366,0.6376,0.3392,-0.0116,345.4,0.82,0.6373,0.2967,-823.0,704.3,01/06/2022
27772.57202,0.6363,0.6372,0.3396,-0.0118,345.2,0.82,0.637,0.2969,-823.0,705.4,01/06/2022
27804.15001,0.6368,0.6374,0.3399,-0.0118,345.4,0.82,0.6373,0.2972,-823.3,706.6,01/06/2022
27835.58951,0.6365,0.6374,0.3402,-0.0118,345.0,0.82,0.6372,0.2975,-822.9,707.6,01/06/2022
27867.02901,0.6374,0.6381,0.3407,-0.0118,345.7,0.82,0.638,0.298,-824.1,709.0,01/06/2022
27898.60701,0.6376,0.6388,0.3409,-0.0119,345.9,0.82,0.6384,0.298,-824.7,710.3,01/06/2022
27930.0465,0.638,0.6389,0.3414,-0.012,346.1,0.82,0.6387,0.2984,-824.9,711.5,01/06/2022
27961.6245,0.6378,0.6389,0.3416,-0.0119,346.0,0.82,0.6386,0.2986,-825.0,712.4,01/06/2022
27993.064,0.6372,0.638,0.3418,-0.012,345.2,0.82,0.6379,0.2988,-823.9,713.0,01/06/2022
28024.5035,0.6382,0.6388,0.3423,-0.012,346.0,0.82,0.6387,0.2992,-825.1,714.4,01/06/2022
28056.0815,0.6383,0.639,0.3427,-0.0121,346.1,0.82,0.6389,0.2995,-825.6,715.7,01/06/2022
28087.52099,0.6375,0.6383,0.343,-0.0121,345.1,0.82,0.6381,0.2997,-824.5,716.4,01/06/2022
28118.96049,0.6381,0.6391,0.3431,-0.0122,345.8,0.82,0.6389,0.2998,-825.3,717.6,01/06/2022
28150.53849,0.6389,0.6397,0.3437,-0.0122,346.3,0.82,0.6396,0.3002,-826.0,719.1,01/06/2022
28181.97799,0.6391,0.6399,0.344,-0.0123,346.4,0.82,0.6397,0.3005,-825.8,720.1,01/06/2022
28213.41748,0.639,0.6399,0.3442,-0.0123,346.5,0.82,0.6397,0.3006,-825.4,721.8,01/06/2022
28244.99548,0.6392,0.6398,0.3446,-0.0124,346.2,0.82,0.6398,0.3009,-825.2,723.1,01/06/2022
28276.43498,0.6396,0.6406,0.345,-0.0124,346.6,0.82,0.6403,0.3013,-825.9,724.8,01/06/2022
28307.87448,0.6389,0.6395,0.3452,-0.0124,345.3,0.82,0.6395,0.3015,-825.3,728.4,01/06/2022
28339.45248,0.6387,0.6394,0.3456,-0.0124,345.1,0.82,0.6393,0.3018,-826.0,731.1,01/06/2022
28370.89197,0.6385,0.6392,0.3459,-0.0124,345.2,0.82,0.6391,0.302,-826.5,733.5,01/06/2022
28402.33147,0.6386,0.6392,0.346,-0.0125,345.0,0.82,0.6392,0.3021,-826.8,736.0,01/06/2022
28433.90947,0.6393,0.6399,0.3466,-0.0124,345.5,0.82,0.6398,0.3027,-828.1,738.9,01/06/2022
28465.34897,0.6389,0.6397,0.3468,-0.0124,345.1,0.82,0.6395,0.3028,-828.0,741.2,01/06/2022
28496.92696,0.6394,0.6404,0.3471,-0.0126,345.4,0.82,0.6401,0.303,-828.9,743.9,01/06/2022
28528.36646,0.6391,0.6398,0.3475,-0.0126,344.9,0.82,0.6397,0.3033,-828.4,746.0,01/06/2022
28559.80596,0.6396,0.6405,0.3478,-0.0127,345.5,0.82,0.6403,0.3035,-829.7,748.4,01/06/2022
28591.38396,0.6392,0.6399,0.3481,-0.0128,345.0,0.82,0.6398,0.3037,-829.7,749.5,01/06/2022
28622.82346,0.6391,0.6402,0.3487,-0.013,344.8,0.82,0.6399,0.304,-831.3,750.4,01/06/2022
28654.26295,0.6392,0.6403,0.3491,-0.0129,344.3,0.82,0.64,0.3044,-833.6,751.7,01/06/2022
28685.84095,0.6394,0.6405,0.3499,-0.0133,344.4,0.82,0.6402,0.3047,-837.1,753.6,01/06/2022
28717.28045,0.6392,0.6399,0.3503,-0.0136,343.4,0.82,0.6398,0.3048,-838.3,755.5,01/06/2022
28748.71995,0.6392,0.6399,0.351,-0.0138,343.5,0.82,0.6398,0.3052,-839.3,757.7,01/06/2022
28780.29794,0.6386,0.6393,0.3514,-0.014,343.1,0.82,0.6392,0.3055,-839.5,759.5,01/06/2022
28811.73744,0.6384,0.6389,0.3516,-0.0139,342.2,0.82,0.6389,0.3057,-839.1,761.0,01/06/2022
28843.17694,0.6389,0.6395,0.352,-0.014,342.3,0.82,0.6394,0.306,-839.9,762.9,01/06/2022
28874.75494,0.6369,0.6375,0.3523,-0.0141,340.6,0.81,0.6375,0.3062,-835.4,762.9,01/06/2022
28906.19443,0.6368,0.6374,0.3524,-0.0141,340.3,0.81,0.6373,0.3063,-834.3,763.3,01/06/2022
28937.63393,0.6373,0.6382,0.3528,-0.0141,341.0,0.82,0.638,0.3067,-834.8,764.4,01/06/2022
28969.21193,0.6375,0.6383,0.3533,-0.014,340.9,0.82,0.6381,0.3071,-834.4,765.1,01/06/2022
29000.65143,0.6379,0.6383,0.3536,-0.0141,341.0,0.82,0.6384,0.3073,-834.3,766.0,01/06/2022
29032.22943,0.6375,0.6382,0.3539,-0.0143,340.5,0.81,0.6381,0.3074,-833.7,766.5,01/06/2022
29063.66892,0.6383,0.639,0.3544,-0.0144,341.2,0.82,0.6389,0.3078,-834.9,767.8,01/06/2022
29095.10842,0.6381,0.639,0.3547,-0.0145,341.0,0.82,0.6388,0.308,-834.7,768.6,01/06/2022
29126.68642,0.6374,0.6379,0.3552,-0.0146,340.0,0.81,0.6379,0.3083,-833.0,768.7,01/06/2022
29158.12592,0.6378,0.6387,0.3556,-0.0147,340.5,0.82,0.6385,0.3085,-833.7,769.7,01/06/2022
29189.56541,0.6374,0.6381,0.3559,-0.0147,339.7,0.81,0.638,0.3088,-832.6,769.9,01/06/2022
29221.14341,0.6378,0.6387,0.3563,-0.0149,340.0,0.82,0.6385,0.3091,-833.3,770.8,01/06/2022
29252.58291,0.6374,0.6386,0.3568,-0.0151,339.8,0.82,0.6382,0.3093,-832.7,771.2,01/06/2022
29284.02241,0.6376,0.6386,0.3571,-0.015,339.7,0.81,0.6383,0.3096,-832.5,771.6,01/06/2022
29315.60041,0.6379,0.639,0.3573,-0.0151,340.0,0.82,0.6387,0.3097,-832.7,772.3,01/06/2022
29347.0399,0.6377,0.6389,0.358,-0.0153,339.8,0.81,0.6385,0.3102,-832.5,772.8,01/06/2022
29378.4794,0.6378,0.6385,0.3583,-0.0153,339.3,0.81,0.6384,0.3104,-831.8,773.1,01/06/2022
29410.0574,0.6379,0.6386,0.3587,-0.0154,339.4,0.81,0.6385,0.3107,-831.9,773.5,01/06/2022
29441.4969,0.6378,0.6389,0.3589,-0.0155,339.1,0.81,0.6386,0.3108,-831.6,773.7,01/06/2022
29472.93639,0.6383,0.6393,0.3594,-0.0155,339.5,0.82,0.6391,0.3112,-831.9,774.3,01/06/2022
29504.51439,0.6368,0.6379,0.3597,-0.0155,338.2,0.81,0.6376,0.3115,-830.1,774.4,01/06/2022
29535.95389,0.6373,0.6384,0.3601,-0.0157,338.7,0.81,0.6381,0.3117,-830.5,774.8,01/06/2022
29567.53189,0.6375,0.6389,0.3604,-0.0157,338.7,0.81,0.6385,0.312,-830.5,775.2,01/06/2022
29598.97139,0.6373,0.6385,0.3606,-0.0155,337.9,0.81,0.6381,0.3123,-829.4,775.1,01/06/2022
29630.41088,0.6373,0.6385,0.361,-0.0157,338.2,0.81,0.6381,0.3125,-829.0,775.4,01/06/2022
29661.98888,0.6384,0.6397,0.3613,-0.0157,339.2,0.81,0.6393,0.3128,-830.2,776.2,01/06/2022
29693.42838,0.638,0.6393,0.3617,-0.0158,339.0,0.81,0.6389,0.313,-829.5,776.2,01/06/2022
29724.86788,0.638,0.6393,0.3619,-0.0157,338.7,0.81,0.6389,0.3133,-829.1,776.4,01/06/2022
29756.44587,0.6378,0.6392,0.3623,-0.0158,338.4,0.81,0.6387,0.3136,-828.9,776.7,01/06/2022
29787.88537,0.6266,0.6281,0.3625,-0.0159,326.9,0.8,0.6276,0.3136,-812.8,771.3,01/06/2022
29819.32487,0.6207,0.6226,0.3628,-0.0158,320.6,0.79,0.6219,0.314,-802.2,768.8,01/06/2022
29850.90287,0.6145,0.6164,0.3631,-0.0159,312.9,0.78,0.6157,0.3142,-787.7,764.9,01/06/2022
29882.34237,0.6096,0.6119,0.3632,-0.0161,307.6,0.78,0.611,0.3141,-774.9,760.9,01/06/2022
29913.78186,0.6306,0.6373,0.3696,-0.0207,314.4,0.8,0.6342,0.3153,-716.1,747.6,01/06/2022
29945.35986,0.6146,0.6235,0.3672,-0.0185,294.8,0.78,0.6193,0.3154,-678.3,730.9,01/06/2022
29976.79936,0.6101,0.6193,0.3669,-0.0181,290.3,0.77,0.615,0.3155,-667.0,727.7,01/06/2022
30008.23886,0.609,0.6185,0.3668,-0.018,289.5,0.77,0.614,0.3155,-661.6,726.9,01/06/2022
30039.81685,0.6077,0.6174,0.3666,-0.0178,288.3,0.77,0.6128,0.3155,-656.3,725.9,01/06/2022
30071.25635,0.5784,0.5889,0.3646,-0.0159,260.0,0.73,0.5839,0.3156,-426.5,667.9,01/06/2022
30102.83435,0.5731,0.5846,0.3649,-0.0162,251.9,0.72,0.5791,0.3156,-59.0,406.1,01/06/2022
30134.27385,0.5691,0.5816,0.3646,-0.0159,248.9,0.72,0.5756,0.3155,-54.1,403.3,01/06/2022
30165.71334,0.5681,0.5813,0.3646,-0.0158,248.5,0.72,0.575,0.3157,-53.2,402.6,01/06/2022
30197.29134,0.5665,0.5801,0.3646,-0.0156,247.3,0.71,0.5736,0.3158,-51.7,401.9,01/06/2022
30228.73084,0.566,0.5799,0.3643,-0.0157,247.2,0.71,0.5732,0.3156,-51.3,401.6,01/06/2022
30260.17034,0.5667,0.5809,0.3645,-0.0154,247.8,0.71,0.574,0.316,-51.2,401.5,01/06/2022
30291.74834,0.5653,0.5799,0.3643,-0.0153,246.9,0.71,0.5728,0.3159,-49.9,401.1,01/06/2022
30323.18783,0.5654,0.5804,0.3643,-0.0153,247.1,0.71,0.5731,0.3159,-49.9,400.9,01/06/2022
30354.62733,0.5656,0.5809,0.3643,-0.0152,247.4,0.71,0.5735,0.316,-49.8,400.9,01/06/2022
30386.20533,0.566,0.5813,0.3644,-0.0151,247.8,0.71,0.5739,0.3161,-49.3,400.7,01/06/2022
30417.64483,0.5644,0.5799,0.3643,-0.0152,246.5,0.71,0.5724,0.316,-47.8,400.4,01/06/2022
30449.08432,0.5648,0.5805,0.3643,-0.015,246.9,0.71,0.5729,0.3162,-47.6,398.7,01/06/2022
30480.66232,0.5644,0.58,0.3644,-0.0149,246.5,0.71,0.5725,0.3164,-47.1,398.6,01/06/2022
30512.10182,0.5643,0.5803,0.3644,-0.0149,246.6,0.71,0.5725,0.3163,-47.0,398.6,01/06/2022
30543.54132,0.5642,0.58,0.3643,-0.015,246.3,0.71,0.5723,0.3162,-46.7,398.6,01/06/2022
30575.11932,0.5652,0.5814,0.3643,-0.0148,247.6,0.71,0.5736,0.3163,-47.6,398.8,01/06/2022
30606.55881,0.5645,0.5806,0.3643,-0.0148,246.8,0.71,0.5728,0.3164,-46.5,398.5,01/06/2022
30638.13681,0.5655,0.5819,0.3644,-0.0148,248.0,0.71,0.574,0.3165,-47.1,398.7,01/06/2022
30669.57631,0.5649,0.5811,0.3644,-0.0147,247.5,0.71,0.5733,0.3166,-45.9,398.5,01/06/2022
30701.01581,0.5651,0.5813,0.3644,-0.0146,247.4,0.71,0.5735,0.3167,-45.7,398.4,01/06/2022
30732.5938,0.5651,0.5814,0.3643,-0.0146,247.5,0.71,0.5735,0.3166,-45.7,398.4,01/06/2022
30764.0333,0.5653,0.5815,0.3645,-0.0146,247.7,0.71,0.5736,0.3168,-45.5,398.3,01/06/2022
30795.4728,0.5647,0.5815,0.3644,-0.0147,247.5,0.71,0.5734,0.3166,-44.5,398.2,01/06/2022
30827.0508,0.565,0.5816,0.3644,-0.0144,247.7,0.71,0.5735,0.3168,-43.9,398.3,01/06/2022
30858.4903,0.5656,0.5825,0.3644,-0.0145,248.7,0.71,0.5743,0.3168,-43.8,398.5,01/06/2022
30889.92979,0.5658,0.5825,0.3644,-0.0142,248.3,0.71,0.5744,0.3171,-42.8,398.3,01/06/2022
30921.50779,0.5661,0.5828,0.3645,-0.0142,248.6,0.71,0.5747,0.3172,-41.6,397.9,01/06/2022
30952.94729,0.5676,0.5847,0.3647,-0.014,250.1,0.72,0.5764,0.3175,-42.5,398.1,01/06/2022
30984.38679,0.5676,0.5849,0.3647,-0.014,250.4,0.72,0.5765,0.3176,-41.8,397.8,01/06/2022
31015.96478,0.5667,0.5839,0.3646,-0.0138,249.5,0.72,0.5756,0.3176,-40.7,397.6,01/06/2022
31047.40428,0.5672,0.5842,0.3645,-0.0138,249.7,0.72,0.5759,0.3176,-40.7,397.5,01/06/2022
31078.84378,0.5678,0.5852,0.3646,-0.0138,250.5,0.72,0.5767,0.3177,-41.2,397.7,01/06/2022
31110.42178,0.5681,0.5852,0.3647,-0.0137,250.6,0.72,0.5769,0.3178,-40.9,397.5,01/06/2022
31141.86128,0.568,0.585,0.3647,-0.0137,250.4,0.72,0.5767,0.3179,-40.5,397.5,01/06/2022
31173.43927,0.5683,0.5857,0.3648,-0.0136,250.9,0.72,0.5772,0.318,-40.8,397.4,01/06/2022
31204.87877,0.5686,0.5861,0.3647,-0.0135,251.4,0.72,0.5776,0.3181,-40.7,397.4,01/06/2022
31236.31827,0.5692,0.5866,0.3647,-0.0134,251.8,0.72,0.5781,0.3182,-40.6,397.4,01/06/2022
31267.89627,0.5702,0.5876,0.3649,-0.0132,252.8,0.72,0.5792,0.3185,-41.1,397.4,01/06/2022
31299.33576,0.5702,0.5876,0.3649,-0.0132,252.6,0.72,0.5791,0.3185,-40.6,397.3,01/06/2022
31330.77526,0.5706,0.5878,0.3648,-0.0132,252.9,0.72,0.5794,0.3185,-40.2,397.2,01/06/2022
31362.35326,0.5703,0.5878,0.3648,-0.013,252.8,0.72,0.5793,0.3187,-39.2,397.0,01/06/2022
31393.79276,0.571,0.5885,0.3649,-0.013,253.5,0.72,0.58,0.3187,-39.3,397.0,01/06/2022
31425.23225,0.5704,0.5879,0.3649,-0.0129,252.9,0.72,0.5794,0.3188,-38.4,396.7,01/06/2022
31456.81025,0.5716,0.5892,0.365,-0.0128,253.9,0.72,0.5806,0.319,-39.2,397.3,01/06/2022
31488.24975,0.5718,0.5894,0.365,-0.0127,254.2,0.72,0.5808,0.3191,-38.5,397.1,01/06/2022
31519.68925,0.573,0.5908,0.3649,-0.0125,255.0,0.72,0.5822,0.3192,-39.2,397.3,01/06/2022
31551.26725,0.5737,0.5912,0.3652,-0.0124,255.6,0.72,0.5827,0.3196,-38.9,397.3,01/06/2022
31582.70674,0.5745,0.5918,0.3653,-0.0122,256.4,0.73,0.5834,0.3198,-38.6,397.0,01/06/2022
31614.14624,0.576,0.5936,0.3653,-0.012,257.9,0.73,0.5851,0.3201,-39.3,397.1,01/06/2022
31645.72424,0.5763,0.594,0.3654,-0.0119,258.6,0.73,0.5854,0.3203,-39.1,397.0,01/06/2022
31677.16374,0.5774,0.5953,0.3656,-0.0116,259.3,0.73,0.5866,0.3207,-39.6,397.2,01/06/2022
31708.74173,0.5783,0.596,0.3655,-0.0115,260.0,0.73,0.5874,0.3207,-39.4,397.1,01/06/2022
31740.18123,0.5787,0.5965,0.3655,-0.0113,260.3,0.73,0.5879,0.321,-39.2,396.9,01/06/2022
31771.62073,0.5798,0.5977,0.3656,-0.011,261.2,0.73,0.589,0.3214,-39.5,396.9,01/06/2022
31803.19873,0.5805,0.5984,0.3657,-0.011,262.1,0.73,0.5897,0.3215,-39.6,396.9,01/06/2022
31834.63823,0.581,0.599,0.3657,-0.0107,262.3,0.73,0.5902,0.3218,-39.3,396.8,01/06/2022
31866.07772,0.5816,0.5995,0.3658,-0.0104,262.7,0.74,0.5908,0.3221,-39.3,396.7,01/06/2022
31897.65572,0.5821,0.6,0.3659,-0.0102,263.3,0.74,0.5913,0.3224,-39.1,396.7,01/06/2022
31929.09522,0.5835,0.6015,0.3659,-0.01,264.4,0.74,0.5927,0.3227,-39.8,396.8,01/06/2022
31960.53472,0.5842,0.6021,0.3661,-0.0098,264.9,0.74,0.5934,0.323,-39.4,396.7,01/06/2022
31992.11271,0.5845,0.6026,0.3662,-0.0097,265.7,0.74,0.5938,0.3232,-39.6,396.7,01/06/2022
32023.55221,0.5856,0.6035,0.3663,-0.0094,266.6,0.74,0.5948,0.3237,-39.9,396.7,01/06/2022
32054.99171,0.5859,0.6037,0.3662,-0.0093,266.6,0.74,0.5951,0.3237,-39.7,396.6,01/06/2022
32086.56971,0.5862,0.6041,0.3663,-0.009,266.7,0.74,0.5954,0.324,-39.5,396.5,01/06/2022
32118.00921,0.5862,0.6044,0.3662,-0.0087,267.1,0.74,0.5955,0.3242,-39.6,396.5,01/06/2022
32149.4487,0.5869,0.605,0.3663,-0.0085,267.4,0.74,0.5962,0.3245,-39.7,396.5,01/06/2022
32181.0267,0.5872,0.6053,0.3664,-0.0082,267.9,0.74,0.5965,0.3249,-39.6,396.5,01/06/2022
32212.4662,0.5872,0.605,0.3665,-0.0081,267.7,0.74,0.5964,0.3251,-39.0,396.3,01/06/2022
